iteration,dataset,model,method,seed,commit,epochs,work_dir,metrics,status,notes
1,RadioML.2016.10A,CNN2,hard-ce,2026,2eb6c29,1,/home/citybuster/Data/RCPS/work_dirs/amc/deepsig201610A/cnn2_hard-ce/seed_2026,/home/citybuster/Data/RCPS/work_dirs/metrics/pilot_deepsig201610A_cnn2_seed2026.csv,completed,1-epoch smoke; train/test/analyze succeeded
1,RadioML.2016.10A,CNN2,static-ls,2026,2eb6c29,1,/home/citybuster/Data/RCPS/work_dirs/amc/deepsig201610A/cnn2_static-ls/seed_2026,/home/citybuster/Data/RCPS/work_dirs/metrics/pilot_deepsig201610A_cnn2_seed2026.csv,completed,1-epoch smoke; train/test/analyze succeeded
1,RadioML.2016.10A,CNN2,rcps-uniform,2026,2eb6c29,1,/home/citybuster/Data/RCPS/work_dirs/amc/deepsig201610A/cnn2_rcps-uniform/seed_2026,/home/citybuster/Data/RCPS/work_dirs/metrics/pilot_deepsig201610A_cnn2_seed2026.csv,completed,"1-epoch smoke; low-SNR calibration improved, high-SNR ECE needs calibration"
4,RadioML.2016.10A,MCLDNN,hard-ce_hard,2026,33eee78,1,/home/citybuster/Data/RCPS/work_dirs/amc/deepsig201610A/mcldnn_hard-ce_hard/seed_2026,/home/citybuster/Data/RCPS/work_dirs/metrics/calibration/deepsig201610A_mcldnn_hard-ce_hard_seed2026_validation.csv,completed,validation smoke; near-uniform after 1 epoch
4,RadioML.2016.10A,MCLDNN,rcps-uniform_eps0p5_g2p0,2026,33eee78,1,/home/citybuster/Data/RCPS/work_dirs/amc/deepsig201610A/mcldnn_rcps-uniform_eps0p5_g2p0/seed_2026,/home/citybuster/Data/RCPS/work_dirs/metrics/calibration/deepsig201610A_mcldnn_rcps-uniform_eps0p5_g2p0_seed2026_validation.csv,completed,validation smoke; tiny NLL/ECE gain only
4,RadioML.2016.10A,CGDNet,hard-ce_hard,2026,33eee78,1,/home/citybuster/Data/RCPS/work_dirs/amc/deepsig201610A/cgdnet_hard-ce_hard/seed_2026,/home/citybuster/Data/RCPS/work_dirs/metrics/calibration/deepsig201610A_cgdnet_hard-ce_hard_seed2026_validation.csv,completed,validation smoke; baseline for retention
4,RadioML.2016.10A,CGDNet,rcps-uniform_eps0p5_g2p0,2026,33eee78,1,/home/citybuster/Data/RCPS/work_dirs/amc/deepsig201610A/cgdnet_rcps-uniform_eps0p5_g2p0/seed_2026,/home/citybuster/Data/RCPS/work_dirs/metrics/calibration/deepsig201610A_cgdnet_rcps-uniform_eps0p5_g2p0_seed2026_validation.csv,completed,validation smoke; lower low-SNR NLL/ECE/Brier
4,RadioML.2016.10A,PETCGDNN,hard-ce_hard,2026,33eee78,1,/home/citybuster/Data/RCPS/work_dirs/amc/deepsig201610A/petcgdnn_hard-ce_hard/seed_2026,/home/citybuster/Data/RCPS/work_dirs/metrics/calibration/deepsig201610A_petcgdnn_hard-ce_hard_seed2026_validation.csv,completed,validation smoke; baseline for retention
4,RadioML.2016.10A,PETCGDNN,rcps-uniform_eps0p5_g2p0,2026,33eee78,1,/home/citybuster/Data/RCPS/work_dirs/amc/deepsig201610A/petcgdnn_rcps-uniform_eps0p5_g2p0/seed_2026,/home/citybuster/Data/RCPS/work_dirs/metrics/calibration/deepsig201610A_petcgdnn_rcps-uniform_eps0p5_g2p0_seed2026_validation.csv,completed,validation smoke; ECE gain but accuracy/NLL regression
4,RadioML.2016.10A,MCformer,hard-ce_hard,2026,33eee78,1,/home/citybuster/Data/RCPS/work_dirs/amc/deepsig201610A/mcformer_hard-ce_hard/seed_2026,/home/citybuster/Data/RCPS/work_dirs/metrics/calibration/deepsig201610A_mcformer_hard-ce_hard_seed2026_validation.csv,completed,validation smoke; baseline for retention
4,RadioML.2016.10A,MCformer,rcps-uniform_eps0p5_g2p0,2026,33eee78,1,/home/citybuster/Data/RCPS/work_dirs/amc/deepsig201610A/mcformer_rcps-uniform_eps0p5_g2p0/seed_2026,/home/citybuster/Data/RCPS/work_dirs/metrics/calibration/deepsig201610A_mcformer_rcps-uniform_eps0p5_g2p0_seed2026_validation.csv,completed,validation smoke; lower low-SNR NLL/ECE/Brier
13,RadioML.2016.10A,MLDNN,hard-ce,2026,811d908,400,/home/citybuster/Data/RCPS/work_dirs/baseline_gate/amc/deepsig201610A/mldnn_hard-ce/seed_2026,/home/citybuster/Data/RCPS/work_dirs/baseline_gate/metrics/baseline_gate/deepsig201610A_mldnn_hard-ce_seed2026_test.csv,completed,baseline gate recovered export; test accuracy 62.74%
13,RadioML.2016.10A,MLDNN,hard-ce,2027,811d908,400,/home/citybuster/Data/RCPS/work_dirs/baseline_gate/amc/deepsig201610A/mldnn_hard-ce/seed_2027,/home/citybuster/Data/RCPS/work_dirs/baseline_gate/metrics/baseline_gate/deepsig201610A_mldnn_hard-ce_seed2027_test.csv,completed,baseline gate recovered export; test accuracy 62.98%
13,RadioML.2016.10A,MLDNN,hard-ce,2026_2027_mean,811d908,400,/home/citybuster/Data/RCPS/work_dirs/baseline_gate/amc/deepsig201610A/mldnn_hard-ce,/home/citybuster/Data/RCPS/work_dirs/baseline_gate/metrics/baseline_gate/deepsig201610A_mldnn_hard-ce_seed2026_2027_test_mean.csv,gate_pass,mean test accuracy 62.8608%; threshold 61.0%
14,RadioML.2016.10A,MLDNN,hard-ce,2028,42f788a,400,/home/citybuster/Data/RCPS/work_dirs/baseline_gate/amc/deepsig201610A/mldnn_hard-ce/seed_2028,/home/citybuster/Data/RCPS/work_dirs/baseline_gate/metrics/baseline_gate/deepsig201610A_mldnn_hard-ce_seed2028_test.csv,completed,baseline gate completed; test accuracy 63.17%; early-stopped after epoch 370; exported with best epoch 320
15,RadioML.2016.10A,MLDNN,hard-ce,2026_2027_2028_mean,ee4227a,400,/home/citybuster/Data/RCPS/work_dirs/baseline_gate/amc/deepsig201610A/mldnn_hard-ce,/home/citybuster/Data/RCPS/work_dirs/baseline_gate/metrics/baseline_gate/deepsig201610A_mldnn_hard-ce_seed2026_2027_2028_test_mean.csv,gate_pass,three-seed mean test accuracy 62.9625%; threshold 61.0%; margin 1.9625 pp
16,RadioML.2016.10A,MLDNN,static-ls,2026,67d0b07,400,/home/citybuster/Data/RCPS/work_dirs/mldnn_supervision_400ep/amc/deepsig201610A/mldnn_static-ls/seed_2026,/home/citybuster/Data/RCPS/work_dirs/mldnn_supervision_400ep/metrics/mldnn_supervision_400ep/deepsig201610A_mldnn_static-ls_seed2026_test.csv,completed,same MLDNN backbone/schedule as hard CE baseline; queue launched after baseline gate pass; completed all exports/analyze; probability metrics use corrected MLDNN export from 67d0b07
16,RadioML.2016.10A,MLDNN,static-ls,2027,67d0b07,400,/home/citybuster/Data/RCPS/work_dirs/mldnn_supervision_400ep/amc/deepsig201610A/mldnn_static-ls/seed_2027,/home/citybuster/Data/RCPS/work_dirs/mldnn_supervision_400ep/metrics/mldnn_supervision_400ep/deepsig201610A_mldnn_static-ls_seed2027_test.csv,completed,same MLDNN backbone/schedule as hard CE baseline; queue launched after baseline gate pass; completed all exports/analyze; probability metrics use corrected MLDNN export from 67d0b07
16,RadioML.2016.10A,MLDNN,static-ls,2028,67d0b07,400,/home/citybuster/Data/RCPS/work_dirs/mldnn_supervision_400ep/amc/deepsig201610A/mldnn_static-ls/seed_2028,/home/citybuster/Data/RCPS/work_dirs/mldnn_supervision_400ep/metrics/mldnn_supervision_400ep/deepsig201610A_mldnn_static-ls_seed2028_test.csv,completed,same MLDNN backbone/schedule as hard CE baseline; queue launched after baseline gate pass; completed all exports/analyze; probability metrics use corrected MLDNN export from 67d0b07
16,RadioML.2016.10A,MLDNN,rcps-retention,2026,67d0b07,400,/home/citybuster/Data/RCPS/work_dirs/mldnn_supervision_400ep/amc/deepsig201610A/mldnn_rcps-retention/seed_2026,/home/citybuster/Data/RCPS/work_dirs/mldnn_supervision_400ep/metrics/mldnn_supervision_400ep/deepsig201610A_mldnn_rcps-retention_seed2026_test.csv,completed,same MLDNN backbone/schedule as hard CE baseline; queue launched after baseline gate pass; completed all exports/analyze; probability metrics use corrected MLDNN export from 67d0b07
16,RadioML.2016.10A,MLDNN,rcps-retention,2027,67d0b07,400,/home/citybuster/Data/RCPS/work_dirs/mldnn_supervision_400ep/amc/deepsig201610A/mldnn_rcps-retention/seed_2027,/home/citybuster/Data/RCPS/work_dirs/mldnn_supervision_400ep/metrics/mldnn_supervision_400ep/deepsig201610A_mldnn_rcps-retention_seed2027_test.csv,completed,same MLDNN backbone/schedule as hard CE baseline; queue launched after baseline gate pass; completed all exports/analyze; probability metrics use corrected MLDNN export from 67d0b07
16,RadioML.2016.10A,MLDNN,rcps-retention,2028,67d0b07,400,/home/citybuster/Data/RCPS/work_dirs/mldnn_supervision_400ep/amc/deepsig201610A/mldnn_rcps-retention/seed_2028,/home/citybuster/Data/RCPS/work_dirs/mldnn_supervision_400ep/metrics/mldnn_supervision_400ep/deepsig201610A_mldnn_rcps-retention_seed2028_test.csv,completed,same MLDNN backbone/schedule as hard CE baseline; queue launched after baseline gate pass; completed all exports/analyze; probability metrics use corrected MLDNN export from 67d0b07
18,RadioML.2016.10A,MLDNN,hard-ce,2026_2027_2028_mean,67d0b07,400,/home/citybuster/Data/RCPS/work_dirs/baseline_gate/amc/deepsig201610A/mldnn_hard-ce,/home/citybuster/Data/RCPS/work_dirs/baseline_gate/metrics/baseline_gate/deepsig201610A_mldnn_hard-ce_seed2026_2027_2028_test_mean.csv,completed_corrected,hard CE probability metrics re-exported after MLDNN double-softmax fix; acc 62.9625; NLL 1.0562; ECE 0.0325; Brier 0.4444
18,RadioML.2016.10A,MLDNN,static-ls,2026_2027_2028_mean,67d0b07,400,/home/citybuster/Data/RCPS/work_dirs/mldnn_supervision_400ep/amc/deepsig201610A/mldnn_static-ls,/home/citybuster/Data/RCPS/work_dirs/mldnn_supervision_400ep/summary/deepsig201610A_mldnn_supervision_overall_mean_std.csv,completed,three-seed overall acc 63.1098; NLL 1.0614; ECE 0.0267; Brier 0.4424
18,RadioML.2016.10A,MLDNN,rcps-retention,2026_2027_2028_mean,67d0b07,400,/home/citybuster/Data/RCPS/work_dirs/mldnn_supervision_400ep/amc/deepsig201610A/mldnn_rcps-retention,/home/citybuster/Data/RCPS/work_dirs/mldnn_supervision_400ep/summary/deepsig201610A_mldnn_supervision_overall_mean_std.csv,diagnostic_not_selected,overall worse than Static LS; improves -20 dB NLL/ECE/Brier but loses in transition bins; motivates calibrated posterior-target schedule
20,RadioML.2016.10A,MLDNN,rcps-binposterior,2026,ef240a8,400,/home/citybuster/Data/RCPS/work_dirs/mldnn_posterior_iter2_400ep/amc/deepsig201610A/mldnn_rcps-binposterior/seed_2026,/home/citybuster/Data/RCPS/work_dirs/mldnn_posterior_iter2_400ep/metrics/mldnn_posterior_iter2_400ep/deepsig201610A_mldnn_rcps-binposterior_seed2026_test.csv,diagnostic_not_selected,overall acc 62.5477; NLL 1.0547; ECE 0.0211; Brier 0.4473; lowest ECE but loses accuracy/Brier so do not expand current bin-posterior variant
20,RadioML.2016.10A,MLDNN,rcps-lowgate,2026,ef240a8,400,/home/citybuster/Data/RCPS/work_dirs/mldnn_posterior_iter2_400ep/amc/deepsig201610A/mldnn_rcps-lowgate/seed_2026,/home/citybuster/Data/RCPS/work_dirs/mldnn_posterior_iter2_400ep/metrics/mldnn_posterior_iter2_400ep/deepsig201610A_mldnn_rcps-lowgate_seed2026_test.csv,diagnostic_candidate,overall acc 62.9432; NLL 1.0518; ECE 0.0278; Brier 0.4435; improves same-seed hard CE overall but low-SNR bins are mixed and Static LS remains stronger on several metrics
22,RadioML.2016.10A,MLDNN,rcps-lowgate,2027,8fb73ad,400,/home/citybuster/Data/RCPS/work_dirs/mldnn_posterior_iter2_400ep/amc/deepsig201610A/mldnn_rcps-lowgate/seed_2027,/home/citybuster/Data/RCPS/work_dirs/mldnn_posterior_iter2_400ep/metrics/mldnn_posterior_iter2_400ep/deepsig201610A_mldnn_rcps-lowgate_seed2027_test.csv,completed,overall acc 63.0011; NLL 1.0462; ECE 0.0203; Brier 0.4420; calibration/NLL/Brier improve over hard CE and Static LS
22,RadioML.2016.10A,MLDNN,rcps-lowgate,2028,8fb73ad,400,/home/citybuster/Data/RCPS/work_dirs/mldnn_posterior_iter2_400ep/amc/deepsig201610A/mldnn_rcps-lowgate/seed_2028,/home/citybuster/Data/RCPS/work_dirs/mldnn_posterior_iter2_400ep/metrics/mldnn_posterior_iter2_400ep/deepsig201610A_mldnn_rcps-lowgate_seed2028_test.csv,completed,overall included in three-seed summary; best validation 63.2932; completed export/analyze without errors
22,RadioML.2016.10A,MLDNN,rcps-lowgate,2026_2027_2028_mean,8fb73ad,400,/home/citybuster/Data/RCPS/work_dirs/mldnn_posterior_iter2_400ep/amc/deepsig201610A/mldnn_rcps-lowgate,/home/citybuster/Data/RCPS/work_dirs/mldnn_posterior_iter2_400ep/summary/deepsig201610A_mldnn_lowgate_vs_baselines_seed2026_2027_2028_mean_std.csv,diagnostic_candidate,three-seed acc 63.0792; NLL 1.0496; ECE 0.0255; Brier 0.4419; improves hard CE overall but transition bins -12/-10 remain weak
23,RadioML.2016.10A,MLDNN,rcps-lowgate-c14,2026,1decad1,400,/home/citybuster/Data/RCPS/work_dirs/mldnn_lowgate_tuning_400ep/amc/deepsig201610A/mldnn_rcps-lowgate-c14/seed_2026,/home/citybuster/Data/RCPS/work_dirs/mldnn_lowgate_tuning_400ep/metrics/mldnn_lowgate_tuning_400ep/deepsig201610A_mldnn_rcps-lowgate-c14_seed2026_test.csv,diagnostic_candidate,completed; acc 63.0352; NLL 1.0543; ECE 0.0283; Brier 0.4443; fixes transition accuracy/ECE vs hard CE but not NLL/Brier; candidate for next refinement
23,RadioML.2016.10A,MLDNN,rcps-lowgate-g2,2026,1decad1,400,/home/citybuster/Data/RCPS/work_dirs/mldnn_lowgate_tuning_400ep/amc/deepsig201610A/mldnn_rcps-lowgate-g2/seed_2026,/home/citybuster/Data/RCPS/work_dirs/mldnn_lowgate_tuning_400ep/metrics/mldnn_lowgate_tuning_400ep/deepsig201610A_mldnn_rcps-lowgate-g2_seed2026_test.csv,diagnostic_not_selected,completed; acc 63.0670; NLL 1.0520; ECE 0.0328; Brier 0.4436; overall gains but transition bins -12/-10 remain worse than hard CE; do not expand current G2
25,RadioML.2016.10A,MLDNN,rcps-lowgate-c14-posterior-e0p7,2026,2af2b22,400,/home/citybuster/Data/RCPS/work_dirs/mldnn_lowgate_posterior_tuning_400ep/amc/deepsig201610A/mldnn_rcps-lowgate-c14-posterior-e0p7/seed_2026,/home/citybuster/Data/RCPS/work_dirs/mldnn_lowgate_posterior_tuning_400ep/metrics/mldnn_lowgate_posterior_tuning_400ep/deepsig201610A_mldnn_rcps-lowgate-c14-posterior-e0p7_seed2026_test.csv,diagnostic_tradeoff,completed; acc 63.2102; NLL 1.0453; ECE 0.0437; Brier 0.4423; strongest acc/NLL/Brier but worsens ECE; do not expand without posterior softening
25,RadioML.2016.10A,MLDNN,rcps-lowgate-c14-posterior-e0p5,2026,2af2b22,400,/home/citybuster/Data/RCPS/work_dirs/mldnn_lowgate_posterior_tuning_400ep/amc/deepsig201610A/mldnn_rcps-lowgate-c14-posterior-e0p5/seed_2026,/home/citybuster/Data/RCPS/work_dirs/mldnn_lowgate_posterior_tuning_400ep/metrics/mldnn_lowgate_posterior_tuning_400ep/deepsig201610A_mldnn_rcps-lowgate-c14-posterior-e0p5_seed2026_test.csv,diagnostic_tradeoff,completed after retry; acc 63.0875; NLL 1.0479; ECE 0.0373; Brier 0.4429; fixes transition NLL/Brier better than uniform C14 but loses ECE repair; do not expand yet
26,RadioML.2016.10A,MLDNN,rcps-lowgate-c14-posterior-t2-e0p7,2026,112ceda,400,/home/citybuster/Data/RCPS/work_dirs/mldnn_lowgate_posterior_soft_tuning_400ep/amc/deepsig201610A/mldnn_rcps-lowgate-c14-posterior-t2-e0p7/seed_2026,/home/citybuster/Data/RCPS/work_dirs/mldnn_lowgate_posterior_soft_tuning_400ep/metrics/mldnn_lowgate_posterior_soft_tuning_400ep/deepsig201610A_mldnn_rcps-lowgate-c14-posterior-t2-e0p7_seed2026_test.csv,diagnostic_tradeoff,completed; acc 63.1193; NLL 1.0535; ECE 0.0409; Brier 0.4444; temperature alone did not fix ECE
26,RadioML.2016.10A,MLDNN,rcps-lowgate-c14-posterior-t2-e0p5,2026,112ceda,400,/home/citybuster/Data/RCPS/work_dirs/mldnn_lowgate_posterior_soft_tuning_400ep/amc/deepsig201610A/mldnn_rcps-lowgate-c14-posterior-t2-e0p5/seed_2026,/home/citybuster/Data/RCPS/work_dirs/mldnn_lowgate_posterior_soft_tuning_400ep/metrics/mldnn_lowgate_posterior_soft_tuning_400ep/deepsig201610A_mldnn_rcps-lowgate-c14-posterior-t2-e0p5_seed2026_test.csv,diagnostic_tradeoff,completed; acc 63.1477; NLL 1.0490; ECE 0.0389; Brier 0.4433; transition bins improved but overall ECE worsened
27,RadioML.2016.10A,MLDNN,rcps-lowgate-c14-posterior-t2-b0p5-e0p5,2026,0fcab70,400,/home/citybuster/Data/RCPS/work_dirs/mldnn_lowgate_posterior_blend_tuning_400ep/amc/deepsig201610A/mldnn_rcps-lowgate-c14-posterior-t2-b0p5-e0p5/seed_2026,/home/citybuster/Data/RCPS/work_dirs/mldnn_lowgate_posterior_blend_tuning_400ep/metrics/mldnn_lowgate_posterior_blend_tuning_400ep/deepsig201610A_mldnn_rcps-lowgate-c14-posterior-t2-b0p5-e0p5_seed2026_test.csv,diagnostic_not_selected,completed; acc 62.7886; NLL 1.0570; ECE 0.0318; Brier 0.4469; ECE repaired but NLL/accuracy gains lost
27,RadioML.2016.10A,MLDNN,rcps-lowgate-c14-posterior-t2-b1p0-e0p5,2026,0fcab70,400,/home/citybuster/Data/RCPS/work_dirs/mldnn_lowgate_posterior_blend_tuning_400ep/amc/deepsig201610A/mldnn_rcps-lowgate-c14-posterior-t2-b1p0-e0p5/seed_2026,/home/citybuster/Data/RCPS/work_dirs/mldnn_lowgate_posterior_blend_tuning_400ep/metrics/mldnn_lowgate_posterior_blend_tuning_400ep/deepsig201610A_mldnn_rcps-lowgate-c14-posterior-t2-b1p0-e0p5_seed2026_test.csv,diagnostic_not_selected,completed; acc 63.1705; NLL 1.0644; ECE 0.0402; Brier 0.4456; accuracy/very-low ECE improved but overall NLL/ECE worsened
28,RadioML.2016.10A,MLDNN,rcps-lowgate-c14-posterior-t2-b0p25-e0p5,2026,adf24ce,400,/home/citybuster/Data/RCPS/work_dirs/mldnn_lowgate_posterior_blend_fine_tuning_400ep/amc/deepsig201610A/mldnn_rcps-lowgate-c14-posterior-t2-b0p25-e0p5/seed_2026,/home/citybuster/Data/RCPS/work_dirs/mldnn_lowgate_posterior_blend_fine_tuning_400ep/metrics/mldnn_lowgate_posterior_blend_fine_tuning_400ep/deepsig201610A_mldnn_rcps-lowgate-c14-posterior-t2-b0p25-e0p5_seed2026_test.csv,diagnostic_candidate,completed; acc 63.2011; NLL 1.0507; ECE 0.0366; Brier 0.4420; best fine blend for acc/NLL/Brier; ECE still worse than hard/static; candidate for 2027/2028 robustness only
28,RadioML.2016.10A,MLDNN,rcps-lowgate-c14-posterior-t2-b0p35-e0p5,2026,adf24ce,400,/home/citybuster/Data/RCPS/work_dirs/mldnn_lowgate_posterior_blend_fine_tuning_400ep/amc/deepsig201610A/mldnn_rcps-lowgate-c14-posterior-t2-b0p35-e0p5/seed_2026,/home/citybuster/Data/RCPS/work_dirs/mldnn_lowgate_posterior_blend_fine_tuning_400ep/metrics/mldnn_lowgate_posterior_blend_fine_tuning_400ep/deepsig201610A_mldnn_rcps-lowgate-c14-posterior-t2-b0p35-e0p5_seed2026_test.csv,diagnostic_tradeoff,completed; acc 63.0977; NLL 1.0551; ECE 0.0355; Brier 0.4431; lower ECE penalty than B0p25 but weaker NLL/transition behavior; do not expand before B0p25 robustness
29,RadioML.2016.10A,MLDNN,rcps-lowgate-c14-posterior-t2-b0p25-e0p5,2027,d1160f0,400,/home/citybuster/Data/RCPS/work_dirs/mldnn_lowgate_posterior_blend_fine_tuning_400ep/amc/deepsig201610A/mldnn_rcps-lowgate-c14-posterior-t2-b0p25-e0p5/seed_2027,/home/citybuster/Data/RCPS/work_dirs/mldnn_lowgate_posterior_blend_fine_tuning_400ep/metrics/mldnn_lowgate_posterior_blend_fine_tuning_400ep/deepsig201610A_mldnn_rcps-lowgate-c14-posterior-t2-b0p25-e0p5_seed2027_test.csv,completed,completed; acc 63.1114; NLL 1.0409; ECE 0.0299; Brier 0.4413; export/analyze completed without errors
29,RadioML.2016.10A,MLDNN,rcps-lowgate-c14-posterior-t2-b0p25-e0p5,2028,d1160f0,400,/home/citybuster/Data/RCPS/work_dirs/mldnn_lowgate_posterior_blend_fine_tuning_400ep/amc/deepsig201610A/mldnn_rcps-lowgate-c14-posterior-t2-b0p25-e0p5/seed_2028,/home/citybuster/Data/RCPS/work_dirs/mldnn_lowgate_posterior_blend_fine_tuning_400ep/metrics/mldnn_lowgate_posterior_blend_fine_tuning_400ep/deepsig201610A_mldnn_rcps-lowgate-c14-posterior-t2-b0p25-e0p5_seed2028_test.csv,completed,completed; acc 63.1636; NLL 1.0464; ECE 0.0364; Brier 0.4412; export/analyze completed without errors
29,RadioML.2016.10A,MLDNN,rcps-lowgate-c14-posterior-t2-b0p25-e0p5,2026_2027_2028_mean,d1160f0,400,/home/citybuster/Data/RCPS/work_dirs/mldnn_lowgate_posterior_blend_fine_tuning_400ep/amc/deepsig201610A/mldnn_rcps-lowgate-c14-posterior-t2-b0p25-e0p5,/home/citybuster/Data/RCPS/work_dirs/mldnn_lowgate_posterior_blend_fine_tuning_400ep/summary/deepsig201610A_mldnn_b0p25_3seed_overall_summary.csv,diagnostic_tradeoff,three-seed acc 63.1587; NLL 1.0460; ECE 0.0343; Brier 0.4415; robust acc/NLL/Brier gains but ECE worse than hard/static/LowGate
30,RadioML.2016.10A,MLDNN,hard-ce-strict,2026,fa74c89,400,/home/citybuster/Data/RCPS/work_dirs/strict_split_400ep/amc/deepsig201610A/mldnn_hard-ce-strict/seed_2026,/home/citybuster/Data/RCPS/work_dirs/strict_split_400ep/metrics/deepsig201610A_mldnn_hard-ce-strict_seed2026_test.csv,completed,completed; strict split test acc 62.6250; NLL 1.0735; ECE 0.0358; Brier 0.4502; best val epoch 262; export/analyze completed
30,RadioML.2016.10A,MLDNN,hard-ce-strict,2027,fa74c89,400,/home/citybuster/Data/RCPS/work_dirs/strict_split_400ep/amc/deepsig201610A/mldnn_hard-ce-strict/seed_2027,/home/citybuster/Data/RCPS/work_dirs/strict_split_400ep/metrics/deepsig201610A_mldnn_hard-ce-strict_seed2027_test.csv,completed,completed; strict split test acc 62.4557; NLL 1.0710; ECE 0.0356; Brier 0.4515; best val epoch 272; export/analyze completed
30,RadioML.2016.10A,MLDNN,hard-ce-strict,2028,d17edbf,400,/home/citybuster/Data/RCPS/work_dirs/strict_split_400ep/amc/deepsig201610A/mldnn_hard-ce-strict/seed_2028,/home/citybuster/Data/RCPS/work_dirs/strict_split_400ep/metrics/deepsig201610A_mldnn_hard-ce-strict_seed2028_test.csv,completed,completed; strict split test acc 62.5750; NLL 1.0494; ECE 0.0244; Brier 0.4461; best val epoch 196; export/analyze completed
30,RadioML.2016.10A,MLDNN,hard-ce-strict,2026_2027_mean,fa74c89,400,/home/citybuster/Data/RCPS/work_dirs/strict_split_400ep/amc/deepsig201610A/mldnn_hard-ce-strict,/home/citybuster/Data/RCPS/work_dirs/strict_split_400ep/summary/deepsig201610A_mldnn_hard-ce-strict_seed2026_2027_test_mean.csv,gate_pass_partial,strict split two-seed mean acc 62.5403; threshold 61.0; margin 1.5403 pp; seed 2028 still planned for full three-seed gate
30,RadioML.2016.10A,MLDNN,hard-ce-strict,2026_2027_2028_mean,d17edbf,400,/home/citybuster/Data/RCPS/work_dirs/strict_split_400ep/amc/deepsig201610A/mldnn_hard-ce-strict,/home/citybuster/Data/RCPS/work_dirs/strict_split_400ep/summary/deepsig201610A_mldnn_hard-ce-strict_seed2026_2027_2028_test_mean.csv,gate_pass,strict split three-seed mean acc 62.5519 +/- 0.0870; NLL 1.0646 +/- 0.0133; ECE 0.0319 +/- 0.0066; Brier 0.4493 +/- 0.0028; threshold 61.0; margin 1.5519 pp
31,RadioML.2016.10A,MLDNN,static-ls-strict,2026,cb7997b,400,/home/citybuster/Data/RCPS/work_dirs/strict_split_400ep/amc/deepsig201610A/mldnn_static-ls-strict/seed_2026,/home/citybuster/Data/RCPS/work_dirs/strict_split_400ep/metrics/deepsig201610A_mldnn_static-ls-strict_seed2026_test.csv,completed,strict split pilot completed; test metric landed 2026-05-13 15:56 CST; Static LS improved NLL/ECE/Brier with small accuracy drop vs hard CE seed2026
31,RadioML.2016.10A,MLDNN,rcps-lowgate-c14-strict,2026,cb7997b,400,/home/citybuster/Data/RCPS/work_dirs/strict_split_400ep/amc/deepsig201610A/mldnn_rcps-lowgate-c14-strict/seed_2026,/home/citybuster/Data/RCPS/work_dirs/strict_split_400ep/metrics/deepsig201610A_mldnn_rcps-lowgate-c14-strict_seed2026_test.csv,completed,strict split pilot completed; test metric landed 2026-05-13 16:33 CST; lowgate improved accuracy/Brier but worsened NLL/ECE vs hard CE seed2026
31,RadioML.2016.10A,MLDNN,rcps-retention-strict,2026,3d0d6b7,400,/home/citybuster/Data/RCPS/work_dirs/strict_split_400ep/amc/deepsig201610A/mldnn_rcps-retention-strict/seed_2026,/home/citybuster/Data/RCPS/work_dirs/strict_split_400ep/metrics/deepsig201610A_mldnn_rcps-retention-strict_seed2026_test.csv,superseded_by_iter32,candidate launched in Iteration 32 at commit e5b5148
31,RadioML.2016.10A,MLDNN,rcps-uniform-strict,2026,3d0d6b7,400,/home/citybuster/Data/RCPS/work_dirs/strict_split_400ep/amc/deepsig201610A/mldnn_rcps-uniform-strict/seed_2026,/home/citybuster/Data/RCPS/work_dirs/strict_split_400ep/metrics/deepsig201610A_mldnn_rcps-uniform-strict_seed2026_test.csv,superseded_by_iter32,candidate launched in Iteration 32 at commit e5b5148
32,RadioML.2016.10A,MLDNN,rcps-retention-strict,2026,e5b5148,400,/home/citybuster/Data/RCPS/work_dirs/strict_split_400ep/amc/deepsig201610A/mldnn_rcps-retention-strict/seed_2026,/home/citybuster/Data/RCPS/work_dirs/strict_split_400ep/metrics/deepsig201610A_mldnn_rcps-retention-strict_seed2026_test.csv,running,launched on GPU0 at 2026-05-14 11:35 CST after strict lowgate diagnostic; train=train.json val=validation.json test=test.json
32,RadioML.2016.10A,MLDNN,rcps-uniform-strict,2026,e5b5148,400,/home/citybuster/Data/RCPS/work_dirs/strict_split_400ep/amc/deepsig201610A/mldnn_rcps-uniform-strict/seed_2026,/home/citybuster/Data/RCPS/work_dirs/strict_split_400ep/metrics/deepsig201610A_mldnn_rcps-uniform-strict_seed2026_test.csv,running,launched on GPU1 at 2026-05-14 11:35 CST after strict lowgate diagnostic; train=train.json val=validation.json test=test.json
36,RadioML.2016.10A_AMR,GRU2,hard-ce,2026,e8910ae,400,/home/citybuster/Data/RCPS/work_dirs/baseline_gate_amr_split_classic/amc/deepsig201610A_amr/gru2_hard-ce/seed_2026,/home/citybuster/Data/RCPS/work_dirs/baseline_gate_amr_split_classic/metrics/deepsig201610A_amr_gru2_hard-ce_seed2026_test.csv,completed,AMR-compatible split; first non-MLDNN candidate over 60% test accuracy
36,RadioML.2016.10A_AMR,PETCGDNN,hard-ce,2026,e8910ae,400,/home/citybuster/Data/RCPS/work_dirs/baseline_gate_amr_split/amc/deepsig201610A_amr/petcgdnn_hard-ce/seed_2026,/home/citybuster/Data/RCPS/work_dirs/baseline_gate_amr_split/metrics/deepsig201610A_amr_petcgdnn_hard-ce_seed2026_test.csv,completed,AMR-compatible split; parity still weak
36,RadioML.2016.10A_AMR,GRU2,paired-static-rcps-grid,2026,e8910ae,400,/home/citybuster/Data/RCPS/work_dirs/gru2_paired_amr_400ep,/home/citybuster/Data/RCPS/work_dirs/gru2_paired_amr_400ep/metrics/calibration,running,Static LS plus RCPS-Retention/EntropyMatch/PosteriorBase; one-seed diagnostic paired comparison
37,RadioML.2016.10A_AMR,MCformer,hard-ce,2026,cd075ca,400,/home/citybuster/Data/RCPS/work_dirs/baseline_gate_amr_split/amc/deepsig201610A_amr/mcformer_hard-ce/seed_2026,/home/citybuster/Data/RCPS/work_dirs/baseline_gate_amr_split/metrics/deepsig201610A_amr_mcformer_hard-ce_seed2026_test.csv,completed,"AMR-compatible split; validation 58.35%, test 57.97%; not promoted yet"
37,RadioML.2016.10A_AMR,GRU2,hard-ce,2027,5d9d27a,400,/home/citybuster/Data/RCPS/work_dirs/baseline_gate_amr_split_classic/amc/deepsig201610A_amr/gru2_hard-ce/seed_2027,/home/citybuster/Data/RCPS/work_dirs/baseline_gate_amr_split_classic/metrics/deepsig201610A_amr_gru2_hard-ce_seed2027_test.csv,completed,AMR-compatible split; test acc 58.1523; NLL 1.1262; ECE 0.0296; Brier 0.4974
37,RadioML.2016.10A_AMR,GRU2,hard-ce,2028,5d9d27a,400,/home/citybuster/Data/RCPS/work_dirs/baseline_gate_amr_split_classic/amc/deepsig201610A_amr/gru2_hard-ce/seed_2028,/home/citybuster/Data/RCPS/work_dirs/baseline_gate_amr_split_classic/metrics/deepsig201610A_amr_gru2_hard-ce_seed2028_test.csv,completed,AMR-compatible split; test acc 58.2568; NLL 1.1201; ECE 0.0270; Brier 0.4956
39,RadioML.2016.10A_AMR,GRU2,hard-ce,2026_2027_2028_mean,5d9d27a,400,/home/citybuster/Data/RCPS/work_dirs/baseline_gate_amr_split_classic/amc/deepsig201610A_amr/gru2_hard-ce,/home/citybuster/Data/RCPS/work_dirs/baseline_gate_amr_split_classic/metrics/deepsig201610A_amr_gru2_hard-ce_seed*_test.csv,diagnostic_complete,three-seed mean acc 58.9894 +/- 1.3604; too much variance for main TPAMI backbone; keep as diagnostic
39,RadioML.2016.10A_AMR,PETCGDNN,hard-ce-kerasinit,2026,f25f3e0,400,/home/citybuster/Data/RCPS/work_dirs/parity_kerasinit_amr/amc/deepsig201610A_amr/petcgdnn_hard-ce_kerasinit/seed_2026,/home/citybuster/Data/RCPS/work_dirs/parity_kerasinit_amr/metrics/deepsig201610A_amr_petcgdnn_hard-ce_kerasinit_seed2026_test.csv,completed,parity-only Keras-compatible init; test acc 59.9909; NLL 1.1193; ECE 0.0271; Brier 0.4824; +2.5318pp vs original PETCGDNN hard CE
39,RadioML.2016.10A_AMR,MCLDNN,hard-ce-kerasinit,2026,b4324db,400,/home/citybuster/Data/RCPS/work_dirs/parity_kerasinit_amr/amc/deepsig201610A_amr/mcldnn_hard-ce_kerasinit/seed_2026,,stopped,stopped at epoch 40 after remaining at chance accuracy 9.0909%; parity-probe failure for this init override
40,RadioML.2016.10A_AMR,GRU2,rcps-retention-eps0.3-g1,2026,0e3652d,400,/home/citybuster/Data/RCPS/work_dirs/gru2_paired_amr_400ep/amc/deepsig201610A_amr/gru2_rcps-retention_eps0p3_g1p0/seed_2026,/home/citybuster/Data/RCPS/work_dirs/gru2_paired_amr_400ep/metrics/calibration/deepsig201610A_amr_gru2_rcps-retention_eps0p3_g1p0_seed2026_test.csv,diagnostic_candidate,"test acc 61.6614; NLL 1.1175; ECE 0.0250; Brier 0.4625; improves acc/ECE/Brier and low-SNR metrics vs hard CE, but overall NLL and high-SNR ECE worsen"
40,RadioML.2016.10A_AMR,GRU2,training-efficiency-summary,2026,0e3652d,400,/home/citybuster/Data/RCPS/work_dirs/gru2_paired_amr_400ep,/home/citybuster/Data/RCPS/work_dirs/gru2_paired_amr_400ep/summary/gru2_seed2026_training_efficiency.csv,completed,target 57.5916; RCPS retention reaches target at epoch 42 same as hard CE and has highest validation AULC among hard/static/retention diagnostics
43,RadioML.2016.10A_AMR,GRU2,rcps-retention-eps0.3-g2,2026,776b767,400,/home/citybuster/Data/RCPS/work_dirs/gru2_paired_amr_400ep/amc/deepsig201610A_amr/gru2_rcps-retention_eps0p3_g2p0/seed_2026,/home/citybuster/Data/RCPS/work_dirs/gru2_paired_amr_400ep/metrics/calibration/deepsig201610A_amr_gru2_rcps-retention_eps0p3_g2p0_seed2026_test.csv,diagnostic_candidate,"test acc 60.3818; NLL 1.1137; ECE 0.0098; Brier 0.4746; strong ECE improvement but accuracy/Brier weaker than eps0.3-g1 and NLL still worse than hard CE"
45,RadioML.2016.10A_AMR,GRU2,rcps-retention-eps0.5-g1,2026,bcb47e0,400,/home/citybuster/Data/RCPS/work_dirs/gru2_paired_amr_400ep/amc/deepsig201610A_amr/gru2_rcps-retention_eps0p5_g1p0/seed_2026,/home/citybuster/Data/RCPS/work_dirs/gru2_paired_amr_400ep/metrics/calibration/deepsig201610A_amr_gru2_rcps-retention_eps0p5_g1p0_seed2026_test.csv,diagnostic_candidate,"test acc 61.8114; NLL 1.1451; ECE 0.0644; Brier 0.4661; best GRU2 accuracy so far and improves low-SNR NLL/ECE/Brier plus high-SNR acc/Brier, but worsens overall and high-SNR ECE"
42,RadioML.2016.10A_AMR,PETCGDNN,hard-ce-kerasinit,2027,b4324db,400,/home/citybuster/Data/RCPS/work_dirs/petcgdnn_kerasinit_gate_amr/amc/deepsig201610A_amr/petcgdnn_hard-ce_kerasinit/seed_2027,/home/citybuster/Data/RCPS/work_dirs/petcgdnn_kerasinit_gate_amr/metrics/deepsig201610A_amr_petcgdnn_hard-ce_kerasinit_seed2027_test.csv,completed,test acc 60.3182; NLL 1.1062; ECE 0.0298; Brier 0.4753; export and reliability analysis completed without file-handle failure
42,RadioML.2016.10A_AMR,PETCGDNN,hard-ce-kerasinit,2028,b4324db,400,/home/citybuster/Data/RCPS/work_dirs/petcgdnn_kerasinit_gate_amr/amc/deepsig201610A_amr/petcgdnn_hard-ce_kerasinit/seed_2028,/home/citybuster/Data/RCPS/work_dirs/petcgdnn_kerasinit_gate_amr/metrics/deepsig201610A_amr_petcgdnn_hard-ce_kerasinit_seed2028_test.csv,completed,test acc 59.5023; NLL 1.1296; ECE 0.0295; Brier 0.4879; export and reliability analysis completed
46,RadioML.2016.10A_AMR,PETCGDNN,hard-ce-kerasinit,2026_2027_2028_mean,8e2e795,400,/home/citybuster/Data/RCPS/work_dirs/petcgdnn_kerasinit_gate_amr/amc/deepsig201610A_amr/petcgdnn_hard-ce_kerasinit,/home/citybuster/Data/RCPS/work_dirs/petcgdnn_kerasinit_gate_amr/metrics/deepsig201610A_amr_petcgdnn_hard-ce_kerasinit_seed*_test.csv,gate_promoted,three-seed mean acc 59.9371 +/- 0.4106; NLL 1.1184 +/- 0.0117; ECE 0.0288 +/- 0.0015; Brier 0.4819 +/- 0.0063; stable enough for paired RCPS diagnostic
46,RadioML.2016.10A_AMR,PETCGDNN,paired-static-rcps-kerasinit,2026,pending,400,/home/citybuster/Data/RCPS/work_dirs/petcgdnn_kerasinit_paired_amr_400ep,/home/citybuster/Data/RCPS/work_dirs/petcgdnn_kerasinit_paired_amr_400ep/metrics/calibration,queued,paired diagnostic comparison on Keras-init PETCGDNN using Static LS plus RCPS-Retention/EntropyMatch/PosteriorBase
47,RadioML.2016.10A_AMR,GRU2,rcps-retention-eps0.5-g2,2026,a1f6931,400,/home/citybuster/Data/RCPS/work_dirs/gru2_paired_amr_400ep/amc/deepsig201610A_amr/gru2_rcps-retention_eps0p5_g2p0/seed_2026,/home/citybuster/Data/RCPS/work_dirs/gru2_paired_amr_400ep/metrics/calibration/deepsig201610A_amr_gru2_rcps-retention_eps0p5_g2p0_seed2026_test.csv,diagnostic_candidate,"test acc 62.1068; NLL 1.0943; ECE 0.0186; Brier 0.4546; improves all overall metrics vs hard CE and improves low-SNR NLL/ECE/Brier; high-SNR ECE still worse"
47,RadioML.2016.10A_AMR,PETCGDNN,paired-static-rcps-kerasinit,2026,a1f6931,400,/home/citybuster/Data/RCPS/work_dirs/petcgdnn_kerasinit_paired_amr_400ep,/home/citybuster/Data/RCPS/work_dirs/petcgdnn_kerasinit_paired_amr_400ep/metrics/calibration,running,foreground monitor confirms static-ls first stage running normally; no new runtime errors
48,RadioML.2016.10A_AMR,PETCGDNN,static-ls-ls0.05-kerasinit,2026,b6039e5,400,/home/citybuster/Data/RCPS/work_dirs/petcgdnn_kerasinit_paired_amr_400ep/amc/deepsig201610A_amr/petcgdnn_kerasinit_static-ls_ls0p05/seed_2026,/home/citybuster/Data/RCPS/work_dirs/petcgdnn_kerasinit_paired_amr_400ep/metrics/calibration/deepsig201610A_amr_petcgdnn_kerasinit_static-ls_ls0p05_seed2026_test.csv,diagnostic_complete,"test acc 59.5068; NLL 1.1431; ECE 0.0267; Brier 0.4880; accuracy/NLL/Brier and low-SNR posterior quality worse than hard CE"
49,RadioML.2016.10A_AMR,GRU2,rcps-retention-eps0.7-g1,2026,454c41f,400,/home/citybuster/Data/RCPS/work_dirs/gru2_paired_amr_400ep/amc/deepsig201610A_amr/gru2_rcps-retention_eps0p7_g1p0/seed_2026,/home/citybuster/Data/RCPS/work_dirs/gru2_paired_amr_400ep/metrics/calibration/deepsig201610A_amr_gru2_rcps-retention_eps0p7_g1p0_seed2026_test.csv,diagnostic_rejected,"test acc 61.7205; NLL 1.1975; ECE 0.0988; Brier 0.4821; over-softens targets and worsens global posterior metrics despite accuracy gain"
50,RadioML.2016.10A_AMR,PETCGDNN,static-ls-ls0.1-kerasinit,2026,81d9716,400,/home/citybuster/Data/RCPS/work_dirs/petcgdnn_kerasinit_paired_amr_400ep/amc/deepsig201610A_amr/petcgdnn_kerasinit_static-ls_ls0p1/seed_2026,/home/citybuster/Data/RCPS/work_dirs/petcgdnn_kerasinit_paired_amr_400ep/metrics/calibration/deepsig201610A_amr_petcgdnn_kerasinit_static-ls_ls0p1_seed2026_test.csv,diagnostic_tradeoff,"test acc 60.2955; NLL 1.1567; ECE 0.0325; Brier 0.4791; accuracy/Brier slightly improve but NLL/ECE and low-SNR posterior quality worsen"
51,RadioML.2016.10A_AMR,GRU2,rcps-retention-eps0.7-g2,2026,9ee1a0b,400,/home/citybuster/Data/RCPS/work_dirs/gru2_paired_amr_400ep/amc/deepsig201610A_amr/gru2_rcps-retention_eps0p7_g2p0/seed_2026,/home/citybuster/Data/RCPS/work_dirs/gru2_paired_amr_400ep/metrics/calibration/deepsig201610A_amr_gru2_rcps-retention_eps0p7_g2p0_seed2026_test.csv,diagnostic_tradeoff,"test acc 61.7955; NLL 1.1141; ECE 0.0398; Brier 0.4599; improves accuracy/Brier and low-SNR NLL/ECE, but worsens overall NLL/ECE; current GRU2 best remains eps0.5-g2"
52,RadioML.2016.10A_AMR,PETCGDNN,rcps-retention-eps0.3-g1-kerasinit,2026,7906095,400,/home/citybuster/Data/RCPS/work_dirs/petcgdnn_kerasinit_paired_amr_400ep/amc/deepsig201610A_amr/petcgdnn_kerasinit_rcps-retention_eps0p3_g1p0/seed_2026,/home/citybuster/Data/RCPS/work_dirs/petcgdnn_kerasinit_paired_amr_400ep/metrics/calibration/deepsig201610A_amr_petcgdnn_kerasinit_rcps-retention_eps0p3_g1p0_seed2026_test.csv,diagnostic_candidate,"test acc 60.5273; NLL 1.1403; ECE 0.0229; Brier 0.4743; beats static LS on accuracy/ECE/Brier and improves hard CE accuracy/ECE/Brier, but NLL and high-SNR ECE worsen"
53,RadioML.2016.10A_AMR,PETCGDNN,rcps-posterior-eps0.3-g1-kerasinit,2026,5843920,400,/home/citybuster/Data/RCPS/work_dirs/petcgdnn_kerasinit_paired_amr_400ep/amc/deepsig201610A_amr/petcgdnn_kerasinit_rcps-posterior_eps0p3_g1p0/seed_2026,/home/citybuster/Data/RCPS/work_dirs/petcgdnn_kerasinit_paired_amr_400ep/metrics/calibration/deepsig201610A_amr_petcgdnn_kerasinit_rcps-posterior_eps0p3_g1p0_seed2026_test.csv,main_candidate,"test acc 61.0591; NLL 1.0882; ECE 0.0104; Brier 0.4622; improves all overall metrics and low-SNR NLL/ECE vs hard CE; best PETCGDNN single-seed candidate"
53,RadioML.2016.10A_AMR,GRU2,rcps-posterior-eps0.3-g2,2026,5843920,400,/home/citybuster/Data/RCPS/work_dirs/gru2_paired_amr_400ep/amc/deepsig201610A_amr/gru2_rcps-posterior_eps0p3_g2p0/seed_2026,/home/citybuster/Data/RCPS/work_dirs/gru2_paired_amr_400ep/metrics/calibration/deepsig201610A_amr_gru2_rcps-posterior_eps0p3_g2p0_seed2026_test.csv,main_candidate,"test acc 61.4977; NLL 1.0752; ECE 0.0154; Brier 0.4597; improves all overall metrics and low-SNR NLL vs hard CE; posterior-base evidence aligns with PETCGDNN"
53,RadioML.2016.10A_AMR,PETCGDNN,rcps-posterior-eps0.3-g1-kerasinit,2027_2028,bb134bb,400,/home/citybuster/Data/RCPS/work_dirs/petcgdnn_kerasinit_main_posterior_amr_400ep,/home/citybuster/Data/RCPS/work_dirs/petcgdnn_kerasinit_main_posterior_amr_400ep/metrics/calibration,running,"confirm PETCGDNN posterior-base candidate with additional seeds after single-seed all-metric improvement; launched on GPU0 with runner PID 3442202"
54,RadioML.2016.10A_AMR,GRU2,rcps-posterior-eps0.5-g1,2026,10eab96,400,/home/citybuster/Data/RCPS/work_dirs/gru2_paired_amr_400ep/amc/deepsig201610A_amr/gru2_rcps-posterior_eps0p5_g1p0/seed_2026,/home/citybuster/Data/RCPS/work_dirs/gru2_paired_amr_400ep/metrics/calibration/deepsig201610A_amr_gru2_rcps-posterior_eps0p5_g1p0_seed2026_test.csv,main_candidate,"test acc 61.7136; NLL 1.0824; ECE 0.0111; Brier 0.4565; improves all overall metrics and low-SNR NLL/ECE vs hard CE"
55,RadioML.2016.10B_AMR,PETCGDNN,rcps-posterior-ens3-retmax0.7-g1-retain0.8-kerasinit,2026_2027_2028,0455997,400,/home/citybuster/Data/RCPS/work_dirs/petcgdnn_kerasinit_posterior_10B_ens3,/home/citybuster/Data/RCPS/work_dirs/petcgdnn_kerasinit_posterior_10B_ens3/summary/petcgdnn_10B_ens3_corrected_compare.csv,main_candidate,"corrected method label after legacy eps0.3 workdir mismatch; three-seed mean acc +1.4508 pp, NLL -0.0110, ECE -0.0121, Brier -0.0190 vs hard CE; low-SNR ECE/Brier improve but low-SNR acc drops; high-SNR acc/Brier improve but high-SNR ECE worsens"
56,RadioML.2016.10A_AMR,CGDNet,hard-ce,2026_2027_2028,0455997,400,/home/citybuster/Data/RCPS/work_dirs/baseline_gate_amr_split_strong_v2,/home/citybuster/Data/RCPS/work_dirs/baseline_gate_amr_split_strong_v2/metrics,baseline_gate_running,"launched on GPU0 after PETCGDNN 10B corrected analysis; no RCPS run until hard CE baseline is stable"
57,RadioML.2016.10A_AMR,CGDNet,hard-ce,2026,125cd77,400,/home/citybuster/Data/RCPS/work_dirs/baseline_gate_amr_split_strong_v2/amc/deepsig201610A_amr/cgdnet_hard-ce/seed_2026,/home/citybuster/Data/RCPS/work_dirs/baseline_gate_amr_split_strong_v2/metrics/deepsig201610A_amr_cgdnet_hard-ce_seed2026_test.csv,parity_debug,"test acc 54.33 after best validation 54.60; below expected CGDNet parity range, so remaining CGDNet seeds were paused and model is quarantined for input/split/schedule debugging"
58,RadioML.2016.10A_AMR,MCformer,hard-ce,2026_2027_2028,125cd77,400,/home/citybuster/Data/RCPS/work_dirs/baseline_gate_amr_split_strong_v2,/home/citybuster/Data/RCPS/work_dirs/baseline_gate_amr_split_strong_v2/metrics,baseline_gate_running,"launched on GPU0 as transformer-family hard CE parity gate after CGDNet quarantine"
59,RadioML.2016.10A_AMR,GRU2,rcps-posterior-ens3-retmax0.5-g2,2026_2027_2028,2eb333d,400,/home/citybuster/Data/RCPS/work_dirs/gru2_main_posterior_ens3_400ep,/home/citybuster/Data/RCPS/work_dirs/gru2_main_posterior_ens3_400ep/summary/gru2_ens3_3seed_compare.csv,main_candidate,"three-seed mean acc +2.0523 pp, NLL -0.0252, ECE -0.0101, Brier -0.0226 vs hard CE; high-SNR metrics improve strongly, low-SNR tradeoff remains"
60,RadioML.2016.10A_AMR,MCformer,hard-ce,2026,2eb333d,400,/home/citybuster/Data/RCPS/work_dirs/baseline_gate_amr_split_strong_v2/amc/deepsig201610A_amr/mcformer_hard-ce/seed_2026,/home/citybuster/Data/RCPS/work_dirs/baseline_gate_amr_split_strong_v2/metrics/deepsig201610A_amr_mcformer_hard-ce_seed2026_test.csv,baseline_gate_partial,"test acc 58.15; NLL 1.1062; ECE 0.0136; Brier 0.4908; seed 2027 continues"
60,RadioML.2016.10A_AMR,FastMLDNN,hard-ce,2026_2027_2028,2eb333d,400,/home/citybuster/Data/RCPS/work_dirs/baseline_gate_amr_split_strong_v2,/home/citybuster/Data/RCPS/work_dirs/baseline_gate_amr_split_strong_v2/metrics,baseline_gate_running,"launched on GPU1 after GRU2 ensemble posterior completed; baseline-only parity gate"
61,RadioML.2016.10A_AMR,MCformer,hard-ce,2026_2027_2028,c7f6bfe,400,/home/citybuster/Data/RCPS/work_dirs/baseline_gate_amr_split_strong_v2/amc/deepsig201610A_amr/mcformer_hard-ce,/home/citybuster/Data/RCPS/work_dirs/baseline_gate_amr_split_strong_v2/summary/mcformer_hard_ce_3seed_summary.csv,baseline_gate_stable,"three-seed mean acc 58.1795 +/- 0.1043; NLL 1.1058; ECE 0.0134; Brier 0.4906; stable attention-family baseline but not a strongest model"
62,RadioML.2016.10A_AMR,FastMLDNN,hard-ce-maintained,2026,d8e43c1,129,/home/citybuster/Data/RCPS/work_dirs/baseline_gate_amr_split_strong_v2/amc/deepsig201610A_amr/fastmldnn_hard-ce/seed_2026,/home/citybuster/Data/RCPS/work_dirs/baseline_gate_amr_split_strong_v2/metrics/deepsig201610A_amr_fastmldnn_hard-ce_seed2026_test.csv,parity_failed,"stopped maintained hard-ce config; test acc 53.2068; config differs from paper-like FastMLDNN knobs"
62,RadioML.2016.10A_AMR,FastMLDNN,paperlike-focal-beta,2026,d8e43c1,20,/home/citybuster/Data/RCPS/work_dirs/fastmldnn_paperlike_parity/amc/deepsig201610A_amr/fastmldnn_paperlike-focal-beta/seed_2026,/home/citybuster/Data/RCPS/work_dirs/fastmldnn_paperlike_parity/metrics/deepsig201610A_amr_fastmldnn_paperlike-focal-beta_seed2026_test.csv,parity_failed,"quick paper-like knobs dp=0.07 focal beta=0.5 lr=0.0001054; test acc 28.9364 at epoch20; requires deeper old-FMLNet/init parity"
63,RadioML.2016.10A_AMR,MCformer,rcps-posterior-ens3-retmax0.5-g2,2026_2027_2028,d8e43c1,400,/home/citybuster/Data/RCPS/work_dirs/mcformer_main_posterior_ens3_400ep,/home/citybuster/Data/RCPS/work_dirs/mcformer_main_posterior_ens3_400ep/metrics/calibration,running,"GPU0; seed2026 reached val acc 58.2841 by epoch56; no final test metrics yet"
63,RadioML.2016.10A_AMR,MCformer,static-ls-0p1,2026_2027_2028,d8e43c1,400,/home/citybuster/Data/RCPS/work_dirs/mcformer_static_ls_400ep,/home/citybuster/Data/RCPS/work_dirs/mcformer_static_ls_400ep/metrics/calibration,running,"GPU1; paired same-backbone smoothing control for MCformer RCPS"
66,RadioML.2016.10A_AMR,MCformer,rcps-posterior-ens3-retmax0.5-g2,2026_2027_2028,37d4089,400,/home/citybuster/Data/RCPS/work_dirs/mcformer_main_posterior_ens3_400ep,/home/citybuster/Data/RCPS/work_dirs/mcformer_main_posterior_ens3_400ep/summary/mcformer_hard_static_rcps_3seed_aggregate.csv,paired_control_completed,"three-seed mean vs hard CE: acc +0.5371 pp, NLL -0.0027, ECE -0.0035, Brier -0.0030; high-SNR improves, low-SNR worsens"
66,RadioML.2016.10A_AMR,MCformer,static-ls-0p1,2026_2027_2028,37d4089,400,/home/citybuster/Data/RCPS/work_dirs/mcformer_static_ls_400ep,/home/citybuster/Data/RCPS/work_dirs/mcformer_main_posterior_ens3_400ep/summary/mcformer_hard_static_rcps_3seed_aggregate.csv,paired_control_completed,"three-seed mean vs hard CE: low-SNR NLL/ECE/Brier improve, but overall/high-SNR NLL/ECE/Brier worsen; useful control, not final method"
67,RadioML.2016.10A_AMR,MCformer,rcps-hybrid-prior1-eps0.1-g2-retain0.8,2026,174c8eb,400,/home/citybuster/Data/RCPS/work_dirs/mcformer_hybrid_prior1_eps0p1_g2_400ep,/home/citybuster/Data/RCPS/work_dirs/mcformer_hybrid_prior1_eps0p1_g2_400ep/metrics/calibration,running,"single-seed hybrid pilot: prior_blend=1.0, epsilon max=0.1, gamma=2.0, retain_min=0.8"
67,RadioML.2016.10A_AMR,MCformer,rcps-hybrid-prior1-eps0.3-g2-retain0.8,2026,174c8eb,400,/home/citybuster/Data/RCPS/work_dirs/mcformer_hybrid_prior1_eps0p3_g2_400ep,/home/citybuster/Data/RCPS/work_dirs/mcformer_hybrid_prior1_eps0p3_g2_400ep/metrics/calibration,running,"single-seed hybrid pilot: prior_blend=1.0, epsilon max=0.3, gamma=2.0, retain_min=0.8"
68,RadioML.2016.10A_AMR,MCformer,rcps-hybrid-prior1-eps0.1-g2-retain0.8,2027_2028,a1a77b4,400,/home/citybuster/Data/RCPS/work_dirs/mcformer_hybrid_prior1_eps0p1_g2_400ep,/home/citybuster/Data/RCPS/work_dirs/mcformer_hybrid_prior1_eps0p1_g2_400ep/metrics/calibration,running,"promoted after seed2026 improved overall NLL/ECE/Brier and low-SNR NLL/ECE/Brier while retaining high-SNR metrics"
69,RadioML.2016.10A_AMR,MCformer,rcps-hybrid-prior1-eps0.3-g2-retain0.8,2026,08f4324,400,/home/citybuster/Data/RCPS/work_dirs/mcformer_hybrid_prior1_eps0p3_g2_400ep,/home/citybuster/Data/RCPS/work_dirs/mcformer_hybrid_prior1_eps0p3_g2_400ep/summary/mcformer_seed2026_hybrid_eps0p3_manual_deltas.csv,pilot_completed,"overall acc +0.1364 pp; low-SNR posterior metrics improve; aggregate NLL nearly unchanged and high-SNR ECE slightly worse, so not promoted yet"
69,RadioML.2016.10A_AMR,MCformer,rcps-hybrid-prior1-eps0.2-g2-retain0.8,2026,08f4324,400,/home/citybuster/Data/RCPS/work_dirs/mcformer_hybrid_prior1_eps0p2_g2_400ep,/home/citybuster/Data/RCPS/work_dirs/mcformer_hybrid_prior1_eps0p2_g2_400ep/metrics/calibration,running,"midpoint hybrid pilot launched after eps0.1 and eps0.3 seed2026 comparison"
70,RadioML.2016.10A,MCformer,rcps-hybrid-prior1_eps0p2_g2_retain0p8,2027,c62581a,400,/home/citybuster/Data/RCPS/work_dirs/mcformer_hybrid_prior1_eps0p2_g2_400ep/amc/deepsig201610A_amr/mcformer_rcps-hybrid-prior1_eps0p2_g2_retain0p8/seed_2027,/home/citybuster/Data/RCPS/work_dirs/mcformer_hybrid_prior1_eps0p2_g2_400ep/metrics/calibration/deepsig201610A_amr_mcformer_rcps-hybrid-prior1_eps0p2_g2_retain0p8_seed2027_test.csv,running,promoted eps0.2 after seed2026 pilot; GPU1 sequential run
70,RadioML.2016.10A,MCformer,rcps-hybrid-prior1_eps0p2_g2_retain0p8,2028,c62581a,400,/home/citybuster/Data/RCPS/work_dirs/mcformer_hybrid_prior1_eps0p2_g2_400ep/amc/deepsig201610A_amr/mcformer_rcps-hybrid-prior1_eps0p2_g2_retain0p8/seed_2028,/home/citybuster/Data/RCPS/work_dirs/mcformer_hybrid_prior1_eps0p2_g2_400ep/metrics/calibration/deepsig201610A_amr_mcformer_rcps-hybrid-prior1_eps0p2_g2_retain0p8_seed2028_test.csv,running,promoted eps0.2 after seed2026 pilot; GPU1 sequential run
71,RadioML.2016.10A,MCformer,rcps-hybrid-prior1_eps0p1_g2_retain0p8,2026/2027/2028,8afd7b5,400,/home/citybuster/Data/RCPS/work_dirs/mcformer_hybrid_prior1_eps0p1_g2_400ep,/home/citybuster/Data/RCPS/work_dirs/mcformer_hybrid_prior1_eps0p1_g2_400ep/summary/mcformer_hard_static_posterior_hybrid_eps0p1_3seed_aggregate.csv,completed,three-seed aggregate completed; balanced improvement across overall low and high reliability bins
72,RadioML.2016.10A_AMR,PETCGDNN,rcps-hybrid-prior1_eps0p2_g2_retain0p8,2026,578ca3a,400,/home/citybuster/Data/RCPS/work_dirs/petcgdnn_kerasinit_hybrid_prior1_eps0p2_g2_400ep/amc/deepsig201610A_amr/petcgdnn_kerasinit_rcps-hybrid-prior1_eps0p2_g2_retain0p8/seed_2026,/home/citybuster/Data/RCPS/work_dirs/petcgdnn_kerasinit_hybrid_prior1_eps0p2_g2_400ep/metrics/calibration/deepsig201610A_amr_petcgdnn_kerasinit_rcps-hybrid-prior1_eps0p2_g2_retain0p8_seed2026_test.csv,running,second model-family hybrid pilot launched on GPU0; same supervision settings as MCformer eps0.2
73,RadioML.2016.10A_AMR,MCformer,rcps-hybrid-prior1_eps0p2_g2_retain0p8,2027,6f56537,400,/home/citybuster/Data/RCPS/work_dirs/mcformer_hybrid_prior1_eps0p2_g2_400ep/amc/deepsig201610A_amr/mcformer_rcps-hybrid-prior1_eps0p2_g2_retain0p8/seed_2027,/home/citybuster/Data/RCPS/work_dirs/mcformer_hybrid_prior1_eps0p2_g2_400ep/summary/mcformer_seed2027_hard_static_posterior_hybrid_eps_compare.csv,completed,seed2027 paired comparison: all overall metrics improve; low-SNR NLL/ECE/Brier improve but low-SNR accuracy slightly drops
74,RadioML.2016.10A_AMR,PETCGDNN,rcps-hybrid-prior1_eps0p2_g2_retain0p8,2026,098891f,400,/home/citybuster/Data/RCPS/work_dirs/petcgdnn_kerasinit_hybrid_prior1_eps0p2_g2_400ep/amc/deepsig201610A_amr/petcgdnn_kerasinit_rcps-hybrid-prior1_eps0p2_g2_retain0p8/seed_2026,/home/citybuster/Data/RCPS/work_dirs/petcgdnn_kerasinit_hybrid_prior1_eps0p2_g2_400ep/summary/petcgdnn_kerasinit_seed2026_hard_static_retention_posterior_hybrid_compare.csv,pilot_completed_not_promoted,overall/high metrics improve vs hard CE but low-SNR posterior metrics worsen and PETCGDNN PosteriorBase remains stronger
75,RadioML.2016.10B_AMR,MCformer,hard-ce,2026,75606a6,400,/home/citybuster/Data/RCPS/work_dirs/mcformer_gate_10B_400ep/amc/deepsig201610B_amr/mcformer_hard-ce/seed_2026,/home/citybuster/Data/RCPS/work_dirs/mcformer_gate_10B_400ep/metrics/deepsig201610B_amr_mcformer_hard-ce_seed2026_test.csv,running,baseline gate on second AMC dataset before any RCPS construction
76,RadioML.2016.10A_AMR,MCformer,rcps-hybrid-prior1_eps0p2_g2_retain0p8,2026/2027/2028,a0fcde0,400,/home/citybuster/Data/RCPS/work_dirs/mcformer_hybrid_prior1_eps0p2_g2_400ep,/home/citybuster/Data/RCPS/work_dirs/mcformer_hybrid_prior1_eps0p2_g2_400ep/summary/mcformer_hard_static_posterior_hybrid_eps0p2_3seed_aggregate.csv,completed,three-seed ablation: stronger low-SNR calibration but small low-SNR accuracy tradeoff; eps0.1 remains balanced default
77,RadioML.2016.10B_AMR,MCformer,hard-ce,2027,aa86afc,400,/home/citybuster/Data/RCPS/work_dirs/mcformer_gate_10B_400ep/amc/deepsig201610B_amr/mcformer_hard-ce/seed_2027,/home/citybuster/Data/RCPS/work_dirs/mcformer_gate_10B_400ep/metrics/deepsig201610B_amr_mcformer_hard-ce_seed2027_test.csv,running,baseline gate second seed launched on GPU1 after MCformer 10A eps0.2 completion
78,RadioML.2016.10B_AMR,MCformer,hard-ce,2028,bf0536f,400,/home/citybuster/Data/RCPS/work_dirs/mcformer_gate_10B_400ep/amc/deepsig201610B_amr/mcformer_hard-ce/seed_2028,/home/citybuster/Data/RCPS/work_dirs/mcformer_gate_10B_400ep/metrics/deepsig201610B_amr_mcformer_hard-ce_seed2028_test.csv,running,third hard-CE baseline seed launched on GPU0
78,RadioML.2016.10B_AMR,MCformer,hard-ce,2026,bf0536f,400,/home/citybuster/Data/RCPS/work_dirs/mcformer_gate_10B_400ep/amc/deepsig201610B_amr/mcformer_hard-ce/seed_2026,/home/citybuster/Data/RCPS/work_dirs/mcformer_gate_10B_400ep/metrics/deepsig201610B_amr_mcformer_hard-ce_seed2026_test.csv,completed,test acc 58.44; validation acc 58.57; export and reliability analysis completed
79,RadioML.2016.10B_AMR,MCformer,hard-ce,2027,fabefc3,400,/home/citybuster/Data/RCPS/work_dirs/mcformer_gate_10B_400ep/amc/deepsig201610B_amr/mcformer_hard-ce/seed_2027,/home/citybuster/Data/RCPS/work_dirs/mcformer_gate_10B_400ep/metrics/deepsig201610B_amr_mcformer_hard-ce_seed2027_test.csv,completed,test acc 58.69; validation acc 58.46; export and reliability analysis completed
80,RadioML.2016.10B_AMR,MCformer,hard-ce,2028,53f1b6b,400,/home/citybuster/Data/RCPS/work_dirs/mcformer_gate_10B_400ep/amc/deepsig201610B_amr/mcformer_hard-ce/seed_2028,/home/citybuster/Data/RCPS/work_dirs/mcformer_gate_10B_400ep/metrics/deepsig201610B_amr_mcformer_hard-ce_seed2028_test.csv,completed,test acc 58.64; validation acc 58.76; export and reliability analysis completed
80,RadioML.2016.10B_AMR,MCformer,hard-ce,2026/2027/2028,53f1b6b,400,/home/citybuster/Data/RCPS/work_dirs/mcformer_gate_10B_400ep,/home/citybuster/Data/RCPS/work_dirs/mcformer_gate_10B_400ep/summary/mcformer_hard_ce_10B_3seed_aggregate.csv,completed,three-seed baseline gate complete; acc 58.5883 +/- 0.1338; proceed to validation-only RCPS base construction
81,RadioML.2016.10B_AMR,MCformer,hard-ce,2026/2027/2028,8e4f1c4,400,/home/citybuster/Data/RCPS/work_dirs/mcformer_gate_10B_400ep,/home/citybuster/Data/RCPS/work_dirs/mcformer_gate_10B_400ep/summary/mcformer_hard_ce_10B_3seed_aggregate.csv,quarantined,num_classes mismatch: dataset has 10 classes but model emitted 11 probabilities; rerun with model.backbone.num_classes=10
82,RadioML.2016.10B_AMR,MCformer,hard-ce-numcls10,2026,0b72f91,400,/home/citybuster/Data/RCPS/work_dirs/mcformer_gate_10B_numcls10_400ep/amc/deepsig201610B_amr/mcformer_hard-ce/seed_2026,/home/citybuster/Data/RCPS/work_dirs/mcformer_gate_10B_numcls10_400ep/metrics/deepsig201610B_amr_mcformer_hard-ce_seed2026_test.csv,running,corrected 10-class MCformer hard baseline launched on GPU0
82,RadioML.2016.10B_AMR,MCformer,hard-ce-numcls10,2027,0b72f91,400,/home/citybuster/Data/RCPS/work_dirs/mcformer_gate_10B_numcls10_400ep/amc/deepsig201610B_amr/mcformer_hard-ce/seed_2027,/home/citybuster/Data/RCPS/work_dirs/mcformer_gate_10B_numcls10_400ep/metrics/deepsig201610B_amr_mcformer_hard-ce_seed2027_test.csv,running,corrected 10-class MCformer hard baseline launched on GPU1
83,RadioML.2016.10B_AMR,MCformer,hard-ce-numcls10,2027,306fbcf,400,/home/citybuster/Data/RCPS/work_dirs/mcformer_gate_10B_numcls10_400ep/amc/deepsig201610B_amr/mcformer_hard-ce/seed_2027,/home/citybuster/Data/RCPS/work_dirs/mcformer_gate_10B_numcls10_400ep/metrics/deepsig201610B_amr_mcformer_hard-ce_seed2027_test.csv,completed,test acc 58.96; validation acc 58.87; corrected 10-class export and reliability analysis completed
83,RadioML.2016.10B_AMR,MCformer,hard-ce-numcls10,2028,306fbcf,400,/home/citybuster/Data/RCPS/work_dirs/mcformer_gate_10B_numcls10_400ep/amc/deepsig201610B_amr/mcformer_hard-ce/seed_2028,/home/citybuster/Data/RCPS/work_dirs/mcformer_gate_10B_numcls10_400ep/metrics/deepsig201610B_amr_mcformer_hard-ce_seed2028_test.csv,running,corrected 10-class third hard baseline seed launched on GPU1
84,RadioML.2016.10B_AMR,MCformer,hard-ce-numcls10,2026,fff6586,400,/home/citybuster/Data/RCPS/work_dirs/mcformer_gate_10B_numcls10_400ep/amc/deepsig201610B_amr/mcformer_hard-ce/seed_2026,/home/citybuster/Data/RCPS/work_dirs/mcformer_gate_10B_numcls10_400ep/metrics/deepsig201610B_amr_mcformer_hard-ce_seed2026_test.csv,completed,test acc 58.30; validation acc 58.35; corrected 10-class export and reliability analysis completed
85,RadioML.2016.10B_AMR,MCformer,hard-ce-numcls10,2028,7dd4b08,400,/home/citybuster/Data/RCPS/work_dirs/mcformer_gate_10B_numcls10_400ep/amc/deepsig201610B_amr/mcformer_hard-ce/seed_2028,/home/citybuster/Data/RCPS/work_dirs/mcformer_gate_10B_numcls10_400ep/metrics/deepsig201610B_amr_mcformer_hard-ce_seed2028_test.csv,completed,test acc 58.39; validation acc 58.18; corrected 10-class export and reliability analysis completed
85,RadioML.2016.10B_AMR,MCformer,hard-ce-numcls10,2026/2027/2028,7dd4b08,400,/home/citybuster/Data/RCPS/work_dirs/mcformer_gate_10B_numcls10_400ep,/home/citybuster/Data/RCPS/work_dirs/mcformer_gate_10B_numcls10_400ep/summary/mcformer_hard_ce_10B_numcls10_3seed_aggregate.csv,completed,corrected 10-class baseline gate complete; acc 58.5517 +/- 0.3565; NLL 0.9908; ECE 0.0117; Brier 0.4574
86,RadioML.2016.10B_AMR,MCformer,rcps-hybrid-prior1_eps0p1_g2_retain0p8-numcls10,2026,7dd4b08,400,/home/citybuster/Data/RCPS/work_dirs/mcformer_hybrid_prior1_eps0p1_g2_10B_numcls10_400ep/amc/deepsig201610B_amr/mcformer_rcps-hybrid-prior1_eps0p1_g2_retain0p8/seed_2026,/home/citybuster/Data/RCPS/work_dirs/mcformer_hybrid_prior1_eps0p1_g2_10B_numcls10_400ep/metrics/calibration/deepsig201610B_amr_mcformer_rcps-hybrid-prior1_eps0p1_g2_retain0p8_seed2026_test.csv,running,matched RCPS-Hybrid eps0.1 launched on corrected 10-class MCformer 10B baseline; GPU0
86,RadioML.2016.10B_AMR,MCformer,rcps-hybrid-prior1_eps0p1_g2_retain0p8-numcls10,2027,7dd4b08,400,/home/citybuster/Data/RCPS/work_dirs/mcformer_hybrid_prior1_eps0p1_g2_10B_numcls10_400ep/amc/deepsig201610B_amr/mcformer_rcps-hybrid-prior1_eps0p1_g2_retain0p8/seed_2027,/home/citybuster/Data/RCPS/work_dirs/mcformer_hybrid_prior1_eps0p1_g2_10B_numcls10_400ep/metrics/calibration/deepsig201610B_amr_mcformer_rcps-hybrid-prior1_eps0p1_g2_retain0p8_seed2027_test.csv,running,matched RCPS-Hybrid eps0.1 launched on corrected 10-class MCformer 10B baseline; GPU1 first seed
86,RadioML.2016.10B_AMR,MCformer,rcps-hybrid-prior1_eps0p1_g2_retain0p8-numcls10,2028,7dd4b08,400,/home/citybuster/Data/RCPS/work_dirs/mcformer_hybrid_prior1_eps0p1_g2_10B_numcls10_400ep/amc/deepsig201610B_amr/mcformer_rcps-hybrid-prior1_eps0p1_g2_retain0p8/seed_2028,/home/citybuster/Data/RCPS/work_dirs/mcformer_hybrid_prior1_eps0p1_g2_10B_numcls10_400ep/metrics/calibration/deepsig201610B_amr_mcformer_rcps-hybrid-prior1_eps0p1_g2_retain0p8_seed2028_test.csv,queued,will run sequentially on GPU1 after seed2027 in the same launcher
87,RadioML.2016.10B_AMR,MCformer,rcps-hybrid-prior1_eps0p05_g2_retain0p8-numcls10,2026,85981fa,400,/home/citybuster/Data/RCPS/work_dirs/mcformer_hybrid_prior1_eps0p05_g2_10B_numcls10_400ep/amc/deepsig201610B_amr/mcformer_rcps-hybrid-prior1_eps0p05_g2_retain0p8/seed_2026,/home/citybuster/Data/RCPS/work_dirs/mcformer_hybrid_prior1_eps0p05_g2_10B_numcls10_400ep/metrics/calibration/deepsig201610B_amr_mcformer_rcps-hybrid-prior1_eps0p05_g2_retain0p8_seed2026_test.csv,running,conservative epsilon pilot launched after mixed eps0.1 first two seeds; GPU0
88,RadioML.2016.10B_AMR,MCformer,rcps-hybrid-prior1_eps0p1_g2_retain0p8-numcls10,2026/2027/2028,e02ca21,400,/home/citybuster/Data/RCPS/work_dirs/mcformer_hybrid_prior1_eps0p1_g2_10B_numcls10_400ep,/home/citybuster/Data/RCPS/work_dirs/mcformer_hybrid_prior1_eps0p1_g2_10B_numcls10_400ep/summary/mcformer_10B_numcls10_hard_vs_hybrid_eps0p1_3seed_aggregate.csv,completed,three-seed matched comparison complete; overall acc +0.0842pp; NLL -0.0052; ECE -0.0002; Brier -0.0011; high-SNR accuracy -0.4267pp within retention constraint
88,RadioML.2016.10B_AMR,MCformer,rcps-hybrid-prior1_eps0p05_g2_retain0p8-numcls10,2026,e02ca21,400,/home/citybuster/Data/RCPS/work_dirs/mcformer_hybrid_prior1_eps0p05_g2_10B_numcls10_400ep/amc/deepsig201610B_amr/mcformer_rcps-hybrid-prior1_eps0p05_g2_retain0p8/seed_2026,/home/citybuster/Data/RCPS/work_dirs/mcformer_hybrid_prior1_eps0p05_g2_10B_numcls10_400ep/summary/mcformer_10B_numcls10_hard_vs_hybrid_eps0p05_seed2026_aggregate.csv,pilot_completed_promoted,seed2026 improves overall/low/high posterior metrics; promoted to 3-seed confirmation
88,RadioML.2016.10B_AMR,MCformer,rcps-hybrid-prior1_eps0p05_g2_retain0p8-numcls10,2027,e02ca21,400,/home/citybuster/Data/RCPS/work_dirs/mcformer_hybrid_prior1_eps0p05_g2_10B_numcls10_400ep/amc/deepsig201610B_amr/mcformer_rcps-hybrid-prior1_eps0p05_g2_retain0p8/seed_2027,/home/citybuster/Data/RCPS/work_dirs/mcformer_hybrid_prior1_eps0p05_g2_10B_numcls10_400ep/metrics/calibration/deepsig201610B_amr_mcformer_rcps-hybrid-prior1_eps0p05_g2_retain0p8_seed2027_test.csv,running,promoted conservative epsilon confirmation; GPU0
88,RadioML.2016.10B_AMR,MCformer,rcps-hybrid-prior1_eps0p05_g2_retain0p8-numcls10,2028,e02ca21,400,/home/citybuster/Data/RCPS/work_dirs/mcformer_hybrid_prior1_eps0p05_g2_10B_numcls10_400ep/amc/deepsig201610B_amr/mcformer_rcps-hybrid-prior1_eps0p05_g2_retain0p8/seed_2028,/home/citybuster/Data/RCPS/work_dirs/mcformer_hybrid_prior1_eps0p05_g2_10B_numcls10_400ep/metrics/calibration/deepsig201610B_amr_mcformer_rcps-hybrid-prior1_eps0p05_g2_retain0p8_seed2028_test.csv,running,promoted conservative epsilon confirmation; GPU1
89,RadioML.2016.10B_AMR,MCformer,rcps-hybrid-prior1_eps0p05_g2_retain0p8-numcls10,2026/2027/2028,2d60cbf,400,/home/citybuster/Data/RCPS/work_dirs/mcformer_hybrid_prior1_eps0p05_g2_10B_numcls10_400ep,/home/citybuster/Data/RCPS/work_dirs/mcformer_hybrid_prior1_eps0p05_g2_10B_numcls10_400ep/summary/mcformer_10B_numcls10_hard_vs_hybrid_eps0p05_3seed_aggregate.csv,completed,three-seed matched comparison complete; overall acc +0.0458pp; NLL -0.0040; ECE -0.0006; Brier -0.0009; high-SNR accuracy -0.0667pp with improved high-SNR NLL/ECE
90,RadioML.2016.10B_AMR,MCformer,rcps-hybrid-prior1_eps0p05_g2_retain0p8-numcls10,2026/2027/2028,ba66d2c,400,/home/citybuster/Data/RCPS/work_dirs/mcformer_hybrid_prior1_eps0p05_g2_10B_numcls10_400ep,/home/citybuster/Data/RCPS/work_dirs/mcformer_hybrid_prior1_eps0p05_g2_10B_numcls10_400ep/summary/mcformer_10B_numcls10_hard_vs_hybrid_eps0p05_3seed_aggregate.csv,completed,final eps0.05 aggregate; retention-clean 10B candidate; overall acc +0.0458pp; NLL -0.0040; ECE -0.0006; Brier -0.0009
91,RadioML.2018.01A,MLDNN,historical-checkpoint-audit,na,be434fb,na,/home/citybuster/Data/WirelessRadio/work_dir/mldnn_iq-ap-deepsig201801A/mldnn.pth,na,failed_quarantined,checkpoint unreadable by PyTorch; not used as evidence
91,RadioML.2018.01A,CNN4,historical-checkpoint-audit,na,be434fb,na,/home/citybuster/Data/WirelessRadio/work_dir/cnn4_iq-deepsig201801A,na,failed_quarantined,state_dict mismatch and near-random validation accuracy; stopped invalid export
91,RadioML.2018.01A,DSCLDNN,historical-checkpoint-audit,na,be434fb,na,/home/citybuster/Data/WirelessRadio/work_dir/dscldnn_iq-deepsig201801A,na,failed_quarantined,state_dict mismatch and near-random validation accuracy; stopped invalid export
91,RadioML.2018.01A,MCformer,hard-ce,2026,be434fb,400,/home/citybuster/Data/RCPS/work_dirs/mcformer_gate_2018_400ep/amc/deepsig201801A/mcformer_hard-ce/seed_2026,/home/citybuster/Data/RCPS/work_dirs/mcformer_gate_2018_400ep/metrics/deepsig201801A_mcformer_hard-ce_seed2026_test.csv,running,current-code baseline gate launched on GPU0; wait for sane validation/test metrics before RCPS
91,RadioML.2018.01A,CGDNet,hard-ce,2026,be434fb,400,/home/citybuster/Data/RCPS/work_dirs/cgdnet_gate_2018_400ep/amc/deepsig201801A/cgdnet_hard-ce/seed_2026,/home/citybuster/Data/RCPS/work_dirs/cgdnet_gate_2018_400ep/metrics/deepsig201801A_cgdnet_hard-ce_seed2026_test.csv,running,current-code baseline gate launched on GPU1; wait for sane validation/test metrics before RCPS
92,RadioML.2018.01A,CGDNet,hard-ce,2026,c7f128a,400,/home/citybuster/Data/RCPS/work_dirs/cgdnet_gate_2018_400ep/amc/deepsig201801A/cgdnet_hard-ce/seed_2026,na,failed_quarantined,shape mismatch in cgdnet forward; not used as evidence
92,RadioML.2018.01A,MCformer,hard-ce,2026,c7f128a,400,/home/citybuster/Data/RCPS/work_dirs/mcformer_gate_2018_400ep/amc/deepsig201801A/mcformer_hard-ce/seed_2026,na,stopped_infeasible,entered epoch 1 but ETA about 13 days for full 400-epoch gate; stopped for protocol redesign
92,UCSD_RML22,MCformer,hard-ce,2026,c7f128a,400,/home/citybuster/Data/RCPS/work_dirs/ucsd_rml22_baseline_gate_400ep/amc/ucsd_rml22/mcformer_hard-ce/seed_2026,/home/citybuster/Data/RCPS/work_dirs/ucsd_rml22_baseline_gate_400ep/metrics/ucsd_rml22_mcformer_hard-ce_seed2026_test.csv,running,third AMC dataset baseline gate launched on GPU0
92,UCSD_RML22,PETCGDNN,hard-ce,2026,c7f128a,400,/home/citybuster/Data/RCPS/work_dirs/ucsd_rml22_baseline_gate_400ep/amc/ucsd_rml22/petcgdnn_hard-ce/seed_2026,/home/citybuster/Data/RCPS/work_dirs/ucsd_rml22_baseline_gate_400ep/metrics/ucsd_rml22_petcgdnn_hard-ce_seed2026_test.csv,running,third AMC dataset baseline gate launched on GPU1
93,UCSD_RML22,PETCGDNN,hard-ce,2026,f156e5f,400,/home/citybuster/Data/RCPS/work_dirs/ucsd_rml22_baseline_gate_400ep/amc/ucsd_rml22/petcgdnn_hard-ce/seed_2026,na,failed_quarantined,kernel/input-size mismatch; not used as evidence
93,UCSD_RML22,MCformer,hard-ce,2026,f156e5f,400,/home/citybuster/Data/RCPS/work_dirs/ucsd_rml22_baseline_gate_400ep/amc/ucsd_rml22/mcformer_hard-ce/seed_2026,na,stopped_nonlearning,accuracy remained 10 percent and loss stayed near log(10) through epoch 21
93,UCSD_RML22,CNN4,hard-ce-screen,2026,f156e5f,30,/home/citybuster/Data/RCPS/work_dirs/ucsd_rml22_baseline_screen_30ep/amc/ucsd_rml22/cnn4_hard-ce/seed_2026,na,running,30-epoch learning screen launched on GPU0
93,UCSD_RML22,GRU2,hard-ce-screen,2026,f156e5f,30,/home/citybuster/Data/RCPS/work_dirs/ucsd_rml22_baseline_screen_30ep/amc/ucsd_rml22/gru2_hard-ce/seed_2026,na,running,30-epoch learning screen launched on GPU1
94,UCSD_RML22,CNN4,hard-ce-screen,2026,55ca836,30,/home/citybuster/Data/RCPS/work_dirs/ucsd_rml22_baseline_screen_30ep/amc/ucsd_rml22/cnn4_hard-ce/seed_2026,/home/citybuster/Data/RCPS/work_dirs/ucsd_rml22_baseline_screen_30ep/metrics/ucsd_rml22_cnn4_hard-ce-screen_seed2026_test.csv,completed,test acc 53.37; validation acc 53.48; feasible UCSD baseline candidate
94,UCSD_RML22,GRU2,hard-ce-screen,2026,55ca836,30,/home/citybuster/Data/RCPS/work_dirs/ucsd_rml22_baseline_screen_30ep/amc/ucsd_rml22/gru2_hard-ce/seed_2026,na,failed_quarantined,input size mismatch; not used as evidence
94,UCSD_RML22,FastMLDNN,hard-ce-screen,2026,55ca836,30,/home/citybuster/Data/RCPS/work_dirs/ucsd_rml22_baseline_screen_30ep/amc/ucsd_rml22/fastmldnn_hard-ce/seed_2026,na,failed_quarantined,batch-size mismatch; not used as evidence
94,UCSD_RML22,MCLDNN,hard-ce-screen,2026,55ca836,30,/home/citybuster/Data/RCPS/work_dirs/ucsd_rml22_baseline_screen_30ep/amc/ucsd_rml22/mcldnn_hard-ce/seed_2026,na,stopped_nonlearning,accuracy remained 10 percent through 15 epochs
94,UCSD_RML22,CNN4,hard-ce,2027,55ca836,30,/home/citybuster/Data/RCPS/work_dirs/ucsd_rml22_baseline_gate_30ep/amc/ucsd_rml22/cnn4_hard-ce/seed_2027,/home/citybuster/Data/RCPS/work_dirs/ucsd_rml22_baseline_gate_30ep/metrics/ucsd_rml22_cnn4_hard-ce_seed2027_test.csv,running,promoted 3-seed UCSD CNN4 gate launched on GPU0
94,UCSD_RML22,CNN4,hard-ce,2028,55ca836,30,/home/citybuster/Data/RCPS/work_dirs/ucsd_rml22_baseline_gate_30ep/amc/ucsd_rml22/cnn4_hard-ce/seed_2028,/home/citybuster/Data/RCPS/work_dirs/ucsd_rml22_baseline_gate_30ep/metrics/ucsd_rml22_cnn4_hard-ce_seed2028_test.csv,running,promoted 3-seed UCSD CNN4 gate launched on GPU1
95,UCSD_RML22,CNN4,hard-ce,2026/2027/2028,23a063a,30,/home/citybuster/Data/RCPS/work_dirs/ucsd_rml22_baseline_gate_30ep,/home/citybuster/Data/RCPS/work_dirs/ucsd_rml22_matched_30ep/summary/ucsd_rml22_cnn4_hard_static_rcps_3seed_test_aggregate_all.csv,completed,hard CE aggregate includes seed2026 promoted screen plus seed2027/2028 formal gate; acc 48.4992 +/- 6.5126; NLL 1.2705; ECE 0.0250; Brier 0.5769
95,UCSD_RML22,CNN4,static-ls,2026/2027/2028,23a063a,30,/home/citybuster/Data/RCPS/work_dirs/ucsd_rml22_matched_30ep,/home/citybuster/Data/RCPS/work_dirs/ucsd_rml22_matched_30ep/summary/ucsd_rml22_cnn4_static-ls_vs_hard_3seed_test_delta_aggregate_by_bin.csv,completed,matched Static LS; acc +0.4040pp vs hard but NLL +0.0445 ECE +0.0241 Brier +0.0058; not promoted as final method
95,UCSD_RML22,CNN4,rcps-retention,2026/2027/2028,23a063a,30,/home/citybuster/Data/RCPS/work_dirs/ucsd_rml22_matched_30ep,/home/citybuster/Data/RCPS/work_dirs/ucsd_rml22_matched_30ep/summary/ucsd_rml22_cnn4_rcps-retention_vs_hard_3seed_test_delta_aggregate_by_bin.csv,completed,matched RCPS-Retention; acc +1.3089pp NLL -0.0197 Brier -0.0084 vs hard; ECE +0.0079; supplementary evidence due high seed variance and CNN4-only UCSD gate
96,CIFAR-10-C,ResNet18-CIFAR,hard-ce,2026,5b3a29f,30,/home/citybuster/Data/RCPS/work_dirs/crossmodal_vision_cifar10c_30ep/vision/cifar10c/resnet18-cifar/hard-ce/seed_2026,/home/citybuster/Data/RCPS/work_dirs/crossmodal_vision_cifar10c_30ep/metrics/cifar10c_resnet18-cifar_hard-ce_seed2026_test.csv,running,cross-modal vision pilot launched on GPU0; same corrupted training schedule as Static LS and RCPS
96,CIFAR-10-C,ResNet18-CIFAR,static-ls,2026,5b3a29f,30,/home/citybuster/Data/RCPS/work_dirs/crossmodal_vision_cifar10c_30ep/vision/cifar10c/resnet18-cifar/static-ls/seed_2026,/home/citybuster/Data/RCPS/work_dirs/crossmodal_vision_cifar10c_30ep/metrics/cifar10c_resnet18-cifar_static-ls_seed2026_test.csv,queued,GPU0 sequential run after hard CE; same backbone/data/epoch schedule
96,CIFAR-10-C,ResNet18-CIFAR,rcps-retention,2026,5b3a29f,30,/home/citybuster/Data/RCPS/work_dirs/crossmodal_vision_cifar10c_30ep/vision/cifar10c/resnet18-cifar/rcps-retention/seed_2026,/home/citybuster/Data/RCPS/work_dirs/crossmodal_vision_cifar10c_30ep/metrics/cifar10c_resnet18-cifar_rcps-retention_seed2026_test.csv,running,cross-modal vision pilot launched on GPU1; epsilon max 0.3 gamma 1 retain_min 0.8
97,CIFAR-10-C,ResNet18-CIFAR,rcps-retention-eps0p30,2026,0267282,30,/home/citybuster/Data/RCPS/work_dirs/crossmodal_vision_cifar10c_30ep,/home/citybuster/Data/RCPS/work_dirs/crossmodal_vision_cifar10c_30ep/summary/cifar10c_resnet18_seed2026_epsilon_tuning_vs_hard_delta.csv,pilot_tradeoff,overall acc +0.4967pp ECE -0.0210 Brier -0.0031 but NLL +0.0166 vs hard; too strong for likelihood
97,CIFAR-10-C,ResNet18-CIFAR,rcps-retention-eps0p10,2026,0267282,30,/home/citybuster/Data/RCPS/work_dirs/crossmodal_vision_cifar10c_eps0p10_30ep,/home/citybuster/Data/RCPS/work_dirs/crossmodal_vision_cifar10c_30ep/summary/cifar10c_resnet18_seed2026_epsilon_tuning_vs_hard_delta.csv,pilot_promoted,overall acc +0.3073pp NLL -0.0015 ECE -0.0240 Brier -0.0036 vs hard; promoted to 3-seed check
97,CIFAR-10-C,ResNet18-CIFAR,hard-ce/static-ls/rcps-retention-eps0p10,2027,0267282,30,/home/citybuster/Data/RCPS/work_dirs/crossmodal_vision_cifar10c_30ep,/home/citybuster/Data/RCPS/work_dirs/crossmodal_vision_cifar10c_eps0p10_30ep/metrics/cifar10c_resnet18-cifar_rcps-retention_seed2027_test.csv,running,full matched seed2027 queue launched on GPU0
97,CIFAR-10-C,ResNet18-CIFAR,hard-ce/static-ls/rcps-retention-eps0p10,2028,0267282,30,/home/citybuster/Data/RCPS/work_dirs/crossmodal_vision_cifar10c_30ep,/home/citybuster/Data/RCPS/work_dirs/crossmodal_vision_cifar10c_eps0p10_30ep/metrics/cifar10c_resnet18-cifar_rcps-retention_seed2028_test.csv,running,full matched seed2028 queue launched on GPU1
98,CIFAR-10-C,ResNet18-CIFAR,hard-ce/static-ls/rcps-retention-eps0p10,2026/2027/2028,96df184,30,/home/citybuster/Data/RCPS/work_dirs/crossmodal_vision_cifar10c_30ep,/home/citybuster/Data/RCPS/work_dirs/crossmodal_vision_cifar10c_30ep/summary/cifar10c_resnet18_static_rcps_eps0p10_vs_hard_3seed_delta_aggregate.csv,completed,RCPS eps0.10 vs hard on CIFAR-10-C: acc +0.3662pp NLL -0.0055 ECE -0.0236 Brier -0.0048; clean retention positive; all severity bins improved
99,SpeechCommands-v0.02,DS-CNN,hard-ce-smoke,2026,adc6e35,1,/home/citybuster/Data/RCPS/work_dirs/crossmodal_audio_speechcommands_smoke,/home/citybuster/Data/RCPS/work_dirs/crossmodal_audio_speechcommands_smoke/metrics/speechcommands_ds-cnn_hard-ce_seed2026_test.csv,completed,audio runner smoke only; validates wav loading noise injection log-mel training and SNR-bin CSV export; not paper evidence
100,SpeechCommands-v0.02,DS-CNN,hard-ce/static-ls,2026,1c2bc93,15,/home/citybuster/Data/RCPS/work_dirs/crossmodal_audio_speechcommands_pilot_15ep,/home/citybuster/Data/RCPS/work_dirs/crossmodal_audio_speechcommands_pilot_15ep/metrics/speechcommands_ds-cnn_hard-ce_seed2026_test.csv,running,GPU0 sequential hard CE then Static LS; balanced label x SNR pilot subset
100,SpeechCommands-v0.02,DS-CNN,rcps-retention-eps0p10,2026,1c2bc93,15,/home/citybuster/Data/RCPS/work_dirs/crossmodal_audio_speechcommands_pilot_15ep,/home/citybuster/Data/RCPS/work_dirs/crossmodal_audio_speechcommands_pilot_15ep/metrics/speechcommands_ds-cnn_rcps-retention_seed2026_test.csv,running,GPU1 RCPS-Retention eps0.10 gamma 1 retain_min 0.85; balanced label x SNR pilot subset
101,SpeechCommands-v0.02,DS-CNN,audio-pipeline-speedcheck,2026,4f84e3f,1,/home/citybuster/Data/RCPS/work_dirs/crossmodal_audio_speechcommands_speedcheck,/home/citybuster/Data/RCPS/work_dirs/crossmodal_audio_speechcommands_speedcheck/metrics/speechcommands_ds-cnn_hard-ce_seed2026_test.csv,completed,intervened after CPU log-mel bottleneck; moved log-mel feature extraction to GPU batch path; stopped previous pilot before evidence use
102,SpeechCommands-v0.02,DS-CNN,hard-ce/static-ls/rcps-retention-eps0p10,2026,5a51859,10,/home/citybuster/Data/RCPS/work_dirs/crossmodal_audio_speechcommands_pilot_10ep_gpu_mel,/home/citybuster/Data/RCPS/work_dirs/crossmodal_audio_speechcommands_pilot_10ep_gpu_mel/metrics,completed,10ep audio pilot; hard acc 79.1429 NLL 0.6479 ECE 0.0777 Brier 0.2960; static and eps0.10 worsen posterior metrics
102,SpeechCommands-v0.02,DS-CNN,rcps-retention-eps0p03/eps0p05,2026,5a51859,10,/home/citybuster/Data/RCPS/work_dirs/crossmodal_audio_speechcommands_pilot_10ep_eps0p03 + eps0p05,/home/citybuster/Data/RCPS/work_dirs/crossmodal_audio_speechcommands_pilot_10ep_eps0p05/metrics/speechcommands_ds-cnn_rcps-retention_seed2026_test.csv,completed,eps0.05 best accuracy +0.4364pp and Brier -0.0004 but NLL +0.0074 ECE +0.0146; audio requires entropy/validation-constrained smoothing
103,SpeechCommands-v0.02,DS-CNN,hard-ce,2026,27aa4c3,20,/home/citybuster/Data/RCPS/work_dirs/crossmodal_audio_speechcommands_pilot_20ep,/home/citybuster/Data/RCPS/work_dirs/crossmodal_audio_speechcommands_pilot_20ep/metrics/speechcommands_ds-cnn_hard-ce_seed2026_test.csv,completed,20ep hard baseline: acc 82.6078 NLL 0.5252 ECE 0.0238 Brier 0.2434
103,SpeechCommands-v0.02,DS-CNN,rcps-retention-eps0p05,2026,27aa4c3,20,/home/citybuster/Data/RCPS/work_dirs/crossmodal_audio_speechcommands_pilot_20ep_eps0p05,/home/citybuster/Data/RCPS/work_dirs/crossmodal_audio_speechcommands_pilot_20ep_eps0p05/metrics/speechcommands_ds-cnn_rcps-retention_seed2026_test.csv,diagnostic_tradeoff,vs hard: acc +0.0468pp Brier -0.0002 but NLL +0.0072 ECE +0.0261; fixed uniform RCPS not expanded for audio
104,CIFAR-10-C,ResNet34-CIFAR,hard-ce-smoke,2026,c8034f7,1,/home/citybuster/Data/RCPS/work_dirs/crossmodal_vision_cifar10c_resnet34_smoke,/home/citybuster/Data/RCPS/work_dirs/crossmodal_vision_cifar10c_resnet34_smoke/metrics/cifar10c_resnet34-cifar_hard-ce_seed2026_test.csv,completed,model switch smoke only; validates resnet34-cifar path and metrics export
105,CIFAR-10-C,ResNet34-CIFAR,hard-ce/static-ls/rcps-retention-eps0p10,2026,8ff334e,30,/home/citybuster/Data/RCPS/work_dirs/crossmodal_vision_cifar10c_resnet34_30ep,/home/citybuster/Data/RCPS/work_dirs/crossmodal_vision_cifar10c_resnet34_30ep/metrics,diagnostic_tradeoff,eps0.10 improves ECE -0.0184 but acc -0.422pp and Brier +0.0046 vs hard; not expanded
105,CIFAR-10-C,ResNet34-CIFAR,rcps-retention-eps0p05,2026,8ff334e,30,/home/citybuster/Data/RCPS/work_dirs/crossmodal_vision_cifar10c_resnet34_eps0p05_30ep,/home/citybuster/Data/RCPS/work_dirs/crossmodal_vision_cifar10c_resnet34_eps0p05_30ep/metrics/cifar10c_resnet34-cifar_rcps-retention_seed2026_test.csv,diagnostic_tradeoff,eps0.05 improves ECE -0.0168 but acc -0.302pp and Brier +0.0027 vs hard; supports validation-constrained RCPS
110,RadioML2018.01A,PETCGDNN,hard-ce,2026,391403b,best-checkpoint,/home/citybuster/Data/RCPS/work_dirs/baseline_gate_2018A/petcgdnn/hard-ce/seed_2026,/home/citybuster/Data/RCPS/work_dirs/baseline_gate_2018A/metrics/deepsig201801A_petcgdnn_hard-ce_seed2026_test.csv,completed,test acc 62.7312 NLL 1.1236 ECE 0.0043 Brier 0.3962; export verified on 1022736 samples
110,RadioML2018.01A,PETCGDNN,hard-ce,2027,391403b,best-checkpoint,/home/citybuster/Data/RCPS/work_dirs/baseline_gate_2018A/petcgdnn/hard-ce/seed_2027,/home/citybuster/Data/RCPS/work_dirs/baseline_gate_2018A/metrics/deepsig201801A_petcgdnn_hard-ce_seed2027_test.csv,completed,test acc 60.7220 NLL 1.1789 ECE 0.0065 Brier 0.4198; export verified on 1022736 samples
110,RadioML2018.01A,PETCGDNN,hard-ce,2028,e93afd8,best-checkpoint,/home/citybuster/Data/RCPS/work_dirs/baseline_gate_2018A/petcgdnn/hard-ce/seed_2028,/home/citybuster/Data/RCPS/work_dirs/baseline_gate_2018A/metrics/deepsig201801A_petcgdnn_hard-ce_seed2028_test.csv,completed,test acc 62.4828 NLL 1.1259 ECE 0.0043 Brier 0.3997; export verified on 1022736 samples
111,RadioML2018.01A,PETCGDNN,dpc-teacher-posterior,2026,5bdf929,forward-export,/home/citybuster/Data/RCPS/work_dirs/baseline_gate_2018A/petcgdnn/hard-ce/seed_2026,/home/citybuster/Data/RCPS/work_dirs/dpc_teacher_posteriors/deepsig201801A/petcgdnn_hard-ce_seed2026_train.npz,completed,train posterior artifact: 1277952 samples 24 classes unique sample_idx; probability sums normalized; preparation only no DPC training launched
112,RadioML2018.01A,PETCGDNN,hard-ce-baseline-gate,2026 2027 2028,e93afd8,best-checkpoint,/home/citybuster/Data/RCPS/work_dirs/baseline_gate_2018A/petcgdnn/hard-ce,/home/citybuster/Data/RCPS/work_dirs/baseline_gate_2018A/summary/deepsig201801A_petcgdnn_hard-ce_3seed_summary.csv,baseline_gate_pass,3-seed mean acc 61.9787 std 1.0954 NLL 1.1428 ECE 0.0050 Brier 0.4052; gate threshold >=61.0 passed; DPC-RCPS 2018A may proceed
113,RadioML2018.01A,PETCGDNN,dpc-rcps,2026,f3c9f74,best-checkpoint,/home/citybuster/Data/RCPS/work_dirs/dpc_main/amc/deepsig201801A/petcgdnn_dpc-rcps/seed_2026,/home/citybuster/Data/RCPS/work_dirs/dpc_main/metrics/deepsig201801A_petcgdnn_dpc-rcps_seed2026_test.csv,running,DPC-RCPS seed2026 launched after PETCGDNN 2018A hard-CE baseline gate passed; train sample-posterior artifact from admitted seed2026 teacher; launch PID 4073004
114,RadioML2018.01A,PETCGDNN,dpc-rcps-v1,2026,ba6a96b,best-checkpoint,/home/citybuster/Data/RCPS/work_dirs/dpc_main/amc/deepsig201801A/petcgdnn_dpc-rcps/seed_2026,/home/citybuster/Data/RCPS/work_dirs/dpc_main/metrics/deepsig201801A_petcgdnn_dpc-rcps_seed2026_test.csv,diagnostic_boundary,vs hard seed2026: acc -0.555pp NLL +0.0325 ECE +0.0119 Brier +0.0068; low/high SNR both worse; do not expand DPC-v1 on 2018A
115,RadioML2018.01A,PETCGDNN,dpc-lowonly-eps03,2026,cb98cdc,best-checkpoint,/home/citybuster/Data/RCPS/work_dirs/dpc_v2/amc/deepsig201801A/petcgdnn_dpc-lowonly-eps03/seed_2026,/home/citybuster/Data/RCPS/work_dirs/dpc_v2/metrics/deepsig201801A_petcgdnn_dpc-lowonly-eps03_seed2026_test.csv,running,Conservative DPC-v2 pilot launched; epsilon only active below 0 dB with max 0.3 and sharpened teacher posterior
116,RadioML2018.01A,PETCGDNN,dpc-lowonly-eps03,2026,11c0e69,best-checkpoint,/home/citybuster/Data/RCPS/work_dirs/dpc_v2/amc/deepsig201801A/petcgdnn_dpc-lowonly-eps03/seed_2026,/home/citybuster/Data/RCPS/work_dirs/dpc_v2/metrics/deepsig201801A_petcgdnn_dpc-lowonly-eps03_seed2026_test.csv,diagnostic_boundary,stopped after epoch31 collapse; best epoch28 val 61.118; test acc 61.178 NLL 1.1654 ECE 0.0056 Brier 0.4145; worse than hard CE seed2026; do not expand
117,RadioML2018.01A,PETCGDNN,dpc-consistency-eps03,2026,e837e9f,best-checkpoint,/home/citybuster/Data/RCPS/work_dirs/dpc_consistency/amc/deepsig201801A/petcgdnn_dpc-consistency-eps03/seed_2026,/home/citybuster/Data/RCPS/work_dirs/dpc_consistency/metrics/deepsig201801A_petcgdnn_dpc-consistency-eps03_seed2026_test.csv,prepared,hard CE primary plus low-SNR sample-posterior consistency auxiliary; safety tests passed before launch
118,RadioML2018.01A,PETCGDNN,dpc-consistency-eps03,2026,4f88694,running,/home/citybuster/Data/RCPS/work_dirs/dpc_consistency/amc/deepsig201801A/petcgdnn_dpc-consistency-eps03/seed_2026,/home/citybuster/Data/RCPS/work_dirs/dpc_consistency/metrics/deepsig201801A_petcgdnn_dpc-consistency-eps03_seed2026_test.csv,running,launched foreground pilot; early validation curve epochs1-4 41.8226/48.4186/52.0073/54.8892 with no early collapse
119,RadioML2018.01A,PETCGDNN,dpc-consistency-eps03,2026,e038570,best-checkpoint,/home/citybuster/Data/RCPS/work_dirs/dpc_consistency/amc/deepsig201801A/petcgdnn_dpc-consistency-eps03/seed_2026,/home/citybuster/Data/RCPS/work_dirs/dpc_consistency/metrics/deepsig201801A_petcgdnn_dpc-consistency-eps03_seed2026_test.csv,diagnostic_boundary,stopped during epoch10 after epoch9 val collapse; best epoch8 test acc 58.9566 NLL 1.2235 ECE 0.0073 Brier 0.4399; worse than hard CE across overall low and high bins; do not expand sample-posterior DPC
120,RadioML2018.01A,PETCGDNN,rcps-hybrid-eps01,2026,6369390,best-checkpoint,/home/citybuster/Data/RCPS/work_dirs/rcps_hybrid_2018A/amc/deepsig201801A/petcgdnn_rcps-hybrid-eps01/seed_2026,/home/citybuster/Data/RCPS/work_dirs/rcps_hybrid_2018A/metrics/deepsig201801A_petcgdnn_rcps-hybrid-eps01_seed2026_test.csv,completed,seed2026 completed; acc +0.031pp ECE -0.00053 Brier -0.00050 NLL +0.00090; high-SNR retention passed; expand only as stability check
121,RadioML2018.01A,PETCGDNN,rcps-hybrid-eps01,2027,9a15191,running,/home/citybuster/Data/RCPS/work_dirs/rcps_hybrid_2018A/amc/deepsig201801A/petcgdnn_rcps-hybrid-eps01/seed_2027,/home/citybuster/Data/RCPS/work_dirs/rcps_hybrid_2018A/metrics/deepsig201801A_petcgdnn_rcps-hybrid-eps01_seed2027_test.csv,running,stability seed launched on GPU0 after seed2026 marginal positive ECE/Brier and retention
122,RadioML2018.01A,PETCGDNN,rcps-hybrid-eps01,2028,9a15191,running,/home/citybuster/Data/RCPS/work_dirs/rcps_hybrid_2018A/amc/deepsig201801A/petcgdnn_rcps-hybrid-eps01/seed_2028,/home/citybuster/Data/RCPS/work_dirs/rcps_hybrid_2018A/metrics/deepsig201801A_petcgdnn_rcps-hybrid-eps01_seed2028_test.csv,running,stability seed launched on GPU1 after seed2026 marginal positive ECE/Brier and retention
123,SpeechCommands-v0.02,DS-CNN,hard-ce,2026,70705c8,20,/home/citybuster/Data/RCPS/work_dirs/crossmodal_audio_speechcommands_confusion_20ep/audio/speechcommands/ds-cnn/hard-ce/seed_2026,/home/citybuster/Data/RCPS/work_dirs/crossmodal_audio_speechcommands_confusion_20ep/metrics/speechcommands_ds-cnn_hard-ce_seed2026_test.csv,completed,hard teacher export completed; validation/test predictions saved for validation-only confusion base
124,SpeechCommands-v0.02,DS-CNN,rcps-confusion,2026,70705c8,20,/home/citybuster/Data/RCPS/work_dirs/crossmodal_audio_speechcommands_confusion_20ep/audio/speechcommands/ds-cnn/rcps-confusion/seed_2026,/home/citybuster/Data/RCPS/work_dirs/crossmodal_audio_speechcommands_confusion_20ep/metrics/speechcommands_ds-cnn_rcps-confusion_seed2026_test.csv,diagnostic_negative,ECE improved slightly but accuracy/NLL/Brier worsened overall and NLL worsened in every SNR bin; do not use as positive cross-modal evidence
125,SpeechCommands-v0.02,DS-CNN,dpc-consistency-w005,2026,442e239,20,/home/citybuster/Data/RCPS/work_dirs/crossmodal_audio_speechcommands_dpc_consistency_w005_20ep/audio/speechcommands/ds-cnn/dpc-consistency/seed_2026,/home/citybuster/Data/RCPS/work_dirs/crossmodal_audio_speechcommands_dpc_consistency_w005_20ep/metrics/speechcommands_ds-cnn_dpc-consistency_seed2026_test.csv,diagnostic_negative,overall acc -0.928pp NLL +0.0318 ECE -0.0010 Brier +0.0111 vs hard; low-SNR and clean retention fail
126,SpeechCommands-v0.02,DS-CNN,dpc-consistency-w010,2026,442e239,20,/home/citybuster/Data/RCPS/work_dirs/crossmodal_audio_speechcommands_dpc_consistency_w010_20ep/audio/speechcommands/ds-cnn/dpc-consistency/seed_2026,/home/citybuster/Data/RCPS/work_dirs/crossmodal_audio_speechcommands_dpc_consistency_w010_20ep/metrics/speechcommands_ds-cnn_dpc-consistency_seed2026_test.csv,diagnostic_negative,overall acc -2.124pp NLL +0.0599 ECE -0.0006 Brier +0.0276 vs hard; do not expand
127,SpeechCommands-v0.02,LogMelResNet,hard-ce,2026 2027 2028,af22e9e,20,/home/citybuster/Data/RCPS/work_dirs/crossmodal_audio_speechcommands_logmel_resnet_20ep/audio/speechcommands/logmel-resnet/hard-ce,/home/citybuster/Data/RCPS/work_dirs/crossmodal_audio_speechcommands_logmel_resnet_20ep/metrics,completed,3-seed hard CE baseline stable: acc 87.704±0.255 NLL 0.3714±0.0073 ECE 0.0058±0.0024 Brier 0.1729±0.0024
128,SpeechCommands-v0.02,LogMelResNet,rcps-retention,2026,af22e9e,20,/home/citybuster/Data/RCPS/work_dirs/crossmodal_audio_speechcommands_logmel_resnet_20ep/audio/speechcommands/logmel-resnet/rcps-retention/seed_2026,/home/citybuster/Data/RCPS/work_dirs/crossmodal_audio_speechcommands_logmel_resnet_20ep/metrics/speechcommands_logmel-resnet_rcps-retention_seed2026_test.csv,diagnostic_tradeoff,single seed: acc +0.390pp and Brier -0.0013 but NLL +0.0017 and ECE +0.0298 vs hard; do not expand as main audio evidence
129,SpeechCommands-v0.02,LogMelResNet,dpc-consistency-w001,2026 2027 2028,af22e9e,20,/home/citybuster/Data/RCPS/work_dirs/crossmodal_audio_speechcommands_logmel_resnet_dpcw001_20ep/audio/speechcommands/logmel-resnet/dpc-consistency,/home/citybuster/Data/RCPS/work_dirs/crossmodal_audio_speechcommands_logmel_resnet_dpcw001_20ep/metrics,diagnostic_negative,3-seed online DPC fails gate: acc -0.149±0.291pp NLL +0.0044 ECE +0.0009 Brier +0.0025 vs hard
130,SpeechCommands-v0.02,LogMelResNet,phi-gate,2026 2027 2028,af22e9e,posthoc,/home/citybuster/Data/RCPS/work_dirs/crossmodal_audio_speechcommands_summary/logmel_resnet_phi_gate,/home/citybuster/Data/RCPS/work_dirs/crossmodal_audio_speechcommands_summary/logmel_resnet_phi_gate/summary/logmel_resnet_phi_gate_summary.csv,diagnostic_boundary,SNR bins explain entropy/correct R2 0.257/0.067; SNR+audio 0.276/0.071; teacher confidence 0.949/0.346; audio needs model-adaptive reliability
131,RadioML2018.01A,ResNetAMR,hard-ce-smoke,2026,55b7355,1,/home/citybuster/Data/RCPS/work_dirs/baseline_gate_2018A_smoke/resnet_amr/seed_2026_ann800,/home/citybuster/Data/RCPS/work_dirs/baseline_gate_2018A_smoke/metrics/deepsig201801A_resnet_amr_hard-ce-smoke_seed2026_test.csv,completed,ann800 train/validation/test/export/analyze smoke passed after input-layout adapter fix
132,RadioML2018.01A,ResNetAMR,hard-ce-baseline-gate,2026,55b7355,20,/home/citybuster/Data/RCPS/work_dirs/baseline_gate_2018A_resnet_amr_20ep/seed_2026,/home/citybuster/Data/RCPS/work_dirs/baseline_gate_2018A_resnet_amr_20ep/metrics/deepsig201801A_resnet_amr_hard-ce-20ep_seed2026_test.csv,diagnostic_completed,20-epoch prescreen completed: test acc 52.55%; high-SNR plateau normal; below MCLDNN diagnostic by about 3.67pp, so no RCPS and moved to long-budget parity gate
133,RadioML2018.01A,ResNetAMR,hard-ce-baseline-gate,2027,55b7355,20,/home/citybuster/Data/RCPS/work_dirs/baseline_gate_2018A_resnet_amr_20ep/seed_2027,/home/citybuster/Data/RCPS/work_dirs/baseline_gate_2018A_resnet_amr_20ep/metrics/deepsig201801A_resnet_amr_hard-ce-20ep_seed2027_test.csv,diagnostic_completed,20-epoch prescreen completed: test acc 50.96%; high-SNR plateau normal; below MCLDNN diagnostic by about 3.67pp in 2-seed mean, so no RCPS and moved to long-budget parity gate
134,RadioML2018.01A,ResNetAMR,hard-ce-longbudget,2026,73c9e7f,1000-or-earlystop,/home/citybuster/Data/RCPS/work_dirs/baseline_gate_2018A_resnet_amr_longbudget/seed_2026,/home/citybuster/Data/RCPS/work_dirs/baseline_gate_2018A_resnet_amr_longbudget/metrics/deepsig201801A_resnet_amr_hard-ce-longbudget_seed2026_test.csv,quarantined_stopped,AMR-Benchmark-style long-budget hard CE parity gate launched on GPU0; no RCPS until hard CE gate passes; early epoch3 val seed2026 41.2741 seed2027 37.4945; stopped at epoch20 after gate failure: two-seed best mean 51.2519 below ~54.5 admission line; no RCPS
135,RadioML2018.01A,ResNetAMR,hard-ce-longbudget,2027,73c9e7f,1000-or-earlystop,/home/citybuster/Data/RCPS/work_dirs/baseline_gate_2018A_resnet_amr_longbudget/seed_2027,/home/citybuster/Data/RCPS/work_dirs/baseline_gate_2018A_resnet_amr_longbudget/metrics/deepsig201801A_resnet_amr_hard-ce-longbudget_seed2027_test.csv,quarantined_stopped,AMR-Benchmark-style long-budget hard CE parity gate launched on GPU1; no RCPS until hard CE gate passes; early epoch3 val seed2026 41.2741 seed2027 37.4945; stopped at epoch20 after gate failure: two-seed best mean 51.2519 below ~54.5 admission line; no RCPS
136,RadioML2018.01A,ResNetAMR,hard-ce-longbudget-sanity,2026 2027,73c9e7f,epoch15,/home/citybuster/Data/RCPS/work_dirs/baseline_gate_2018A_resnet_amr_longbudget,/home/citybuster/Data/RCPS/work_dirs/baseline_gate_2018A_resnet_amr_longbudget/metrics,running,epoch15 val seed2026 acc 52.3008 loss 1.4369; seed2027 acc 49.0091 loss 1.5268; no errors; continue hard CE parity; no RCPS no DenseNet fallback
137,RadioML2018.01A,ResNetAMR,hard-ce-longbudget-sanity,2026 2027,73c9e7f,epoch16,/home/citybuster/Data/RCPS/work_dirs/baseline_gate_2018A_resnet_amr_longbudget,/home/citybuster/Data/RCPS/work_dirs/baseline_gate_2018A_resnet_amr_longbudget/metrics,running,epoch16 val seed2026 acc 52.3976 loss 1.4255; seed2027 acc 49.3833 loss 1.5108; no errors; continue hard CE parity; no RCPS no DenseNet fallback
138,RadioML2018.01A,ResNetAMR,hard-ce-longbudget-sanity,2026 2027,73c9e7f,epoch17,/home/citybuster/Data/RCPS/work_dirs/baseline_gate_2018A_resnet_amr_longbudget,/home/citybuster/Data/RCPS/work_dirs/baseline_gate_2018A_resnet_amr_longbudget/metrics,running,epoch17 val seed2026 acc 52.3509 loss 1.4137; seed2027 acc 49.4679 loss 1.4981; no errors; accuracy fluctuates while loss improves; continue hard CE parity
139,RadioML2018.01A,ResNetAMR,hard-ce-longbudget-sanity,2026 2027,73c9e7f,epoch18,/home/citybuster/Data/RCPS/work_dirs/baseline_gate_2018A_resnet_amr_longbudget,/home/citybuster/Data/RCPS/work_dirs/baseline_gate_2018A_resnet_amr_longbudget/metrics,running,epoch18 val seed2026 acc 52.2914 loss 1.4051; seed2027 acc 49.1243 loss 1.4880; no errors; top1 plateau signs; continue to epoch20 slope check
140,RadioML2018.01A,ResNetAMR,hard-ce-longbudget-sanity,2026 2027,73c9e7f,epoch19,/home/citybuster/Data/RCPS/work_dirs/baseline_gate_2018A_resnet_amr_longbudget,/home/citybuster/Data/RCPS/work_dirs/baseline_gate_2018A_resnet_amr_longbudget/metrics,diagnostic_sanity,epoch19 val seed2026 acc 52.5559 loss 1.3973; seed2027 acc 49.3637 loss 1.4816; no errors; continue to epoch20 go/no-go
141,RadioML2018.01A,ResNetAMR,hard-ce-longbudget-gate,2026 2027,73c9e7f,epoch20,/home/citybuster/Data/RCPS/work_dirs/baseline_gate_2018A_resnet_amr_longbudget,/home/citybuster/Data/RCPS/work_dirs/baseline_gate_2018A_resnet_amr_longbudget/metrics,quarantined,epoch20 two-seed best mean 51.2519; seed2026 best 52.5559 seed2027 best 49.9479; below ~54.5 admission line; stopped and no ResNet-AMR RCPS paired comparison
142,RadioML2018.01A,DensCNN,hard-ce-baseline-gate,2026,d051ed0,20,/home/citybuster/Data/RCPS/work_dirs/baseline_gate_2018A_denscnn_20ep/seed_2026,/home/citybuster/Data/RCPS/work_dirs/baseline_gate_2018A_denscnn_20ep/metrics/deepsig201801A_denscnn_hard-ce-20ep_seed2026_test.csv,quarantined,best epoch16 val acc 49.9291; below ~54.5 admission line; no seed2028 and no RCPS
143,RadioML2018.01A,DensCNN,hard-ce-baseline-gate,2027,d051ed0,20,/home/citybuster/Data/RCPS/work_dirs/baseline_gate_2018A_denscnn_20ep/seed_2027,/home/citybuster/Data/RCPS/work_dirs/baseline_gate_2018A_denscnn_20ep/metrics/deepsig201801A_denscnn_hard-ce-20ep_seed2027_test.csv,quarantined,best epoch18 val acc 49.7477; below ~54.5 admission line; no seed2028 and no RCPS
144,RadioML2018.01A,DensCNN,hard-ce-baseline-gate-sanity,2026 2027,f1c4410,epoch1,/home/citybuster/Data/RCPS/work_dirs/baseline_gate_2018A_denscnn_20ep,/home/citybuster/Data/RCPS/work_dirs/baseline_gate_2018A_denscnn_20ep/metrics,diagnostic_sanity,epoch1 val seed2026 acc 33.7616 loss 1.8407; seed2027 acc 35.6392 loss 1.8234; no errors; continue hard CE gate; no RCPS
145,RadioML2018.01A,DensCNN,hard-ce-baseline-gate-sanity,2026 2027,f1c4410,epoch2,/home/citybuster/Data/RCPS/work_dirs/baseline_gate_2018A_denscnn_20ep,/home/citybuster/Data/RCPS/work_dirs/baseline_gate_2018A_denscnn_20ep/metrics,diagnostic_sanity,epoch2 val seed2026 acc 39.2895 loss 1.7806; seed2027 acc 38.4306 loss 1.7784; no errors; continue hard CE gate; no RCPS
146,RadioML2018.01A,DensCNN,hard-ce-baseline-gate-sanity,2026 2027,f1c4410,epoch3,/home/citybuster/Data/RCPS/work_dirs/baseline_gate_2018A_denscnn_20ep,/home/citybuster/Data/RCPS/work_dirs/baseline_gate_2018A_denscnn_20ep/metrics,diagnostic_sanity,epoch3 val seed2026 acc 40.5962 loss 1.7478; seed2027 acc 41.0680 loss 1.7357; no errors; continue hard CE gate; no RCPS
147,RadioML2018.01A,DensCNN,hard-ce-baseline-gate-sanity,2026 2027,f1c4410,epoch5-6,/home/citybuster/Data/RCPS/work_dirs/baseline_gate_2018A_denscnn_20ep,/home/citybuster/Data/RCPS/work_dirs/baseline_gate_2018A_denscnn_20ep/metrics,diagnostic_sanity,seed2026 epoch5 acc 42.9346 loss 1.6904; seed2027 epoch6 acc 44.7072 loss 1.6640; no errors; continue 20ep hard CE gate; no RCPS
148,RadioML2018.01A,DensCNN,hard-ce-baseline-gate-sanity,2026 2027,f1c4410,epoch9,/home/citybuster/Data/RCPS/work_dirs/baseline_gate_2018A_denscnn_20ep,/home/citybuster/Data/RCPS/work_dirs/baseline_gate_2018A_denscnn_20ep/metrics,diagnostic_sanity,epoch9 val seed2026 acc 45.5900 loss 1.6272; seed2027 acc 46.0555 loss 1.6211; stable but weak; continue 20ep hard CE gate; no RCPS
149,RadioML2018.01A,DensCNN,hard-ce-baseline-gate-sanity,2026 2027,f1c4410,epoch11-12,/home/citybuster/Data/RCPS/work_dirs/baseline_gate_2018A_denscnn_20ep,/home/citybuster/Data/RCPS/work_dirs/baseline_gate_2018A_denscnn_20ep/metrics,diagnostic_sanity,seed2026 epoch11 acc 47.6643 loss 1.5836; seed2027 epoch12 acc 47.7012 loss 1.5529; still learning but weak; continue to epoch20; no RCPS
150,RadioML2018.01A,DensCNN,hard-ce-baseline-gate-sanity,2026 2027,f1c4410,epoch13-14,/home/citybuster/Data/RCPS/work_dirs/baseline_gate_2018A_denscnn_20ep,/home/citybuster/Data/RCPS/work_dirs/baseline_gate_2018A_denscnn_20ep/metrics,diagnostic_sanity,seed2026 epoch13 acc 49.0291 loss 1.5390; seed2027 epoch14 acc 49.6278 loss 1.5190; still improving but not yet admitted; continue to epoch20; no RCPS
151,RadioML2018.01A,DensCNN,hard-ce-baseline-gate-sanity,2026 2027,f1c4410,epoch14,/home/citybuster/Data/RCPS/work_dirs/baseline_gate_2018A_denscnn_20ep,/home/citybuster/Data/RCPS/work_dirs/baseline_gate_2018A_denscnn_20ep/metrics,diagnostic_sanity,seed2026 epoch14 acc 48.9820 loss 1.5238; seed2027 epoch14 acc 49.6278 loss 1.5190; likely weak but continue to epoch20; no RCPS
152,RadioML2018.01A,DensCNN,hard-ce-baseline-gate,2026 2027,d051ed0,epoch20,/home/citybuster/Data/RCPS/work_dirs/baseline_gate_2018A_denscnn_20ep,/home/citybuster/Data/RCPS/work_dirs/baseline_gate_2018A_denscnn_20ep/metrics,quarantined,two-seed best mean 49.8384; lower than ResNet-AMR and below ~54.5 admission line; 2018A remains PETCGDNN large-scale extension only
153,HisarMod2019.1,PETCGDNN,hard-ce-smoke,2026,04d04ee,1epoch-small,/home/citybuster/Data/RCPS/work_dirs/smoke_next_stage/hisar2019/petcgdnn_hard-ce/seed_2026,/home/citybuster/Data/RCPS/work_dirs/smoke_next_stage/metrics/hisar2019_petcgdnn_hard-ce_seed2026_validation.csv,smoke_pass,small-sample train/export/analyze passed; validation acc 11.90; full baseline gate pending
154,HisarMod2019.1,MCformer,hard-ce-smoke,2026,04d04ee,1epoch-small,/home/citybuster/Data/RCPS/work_dirs/smoke_next_stage/hisar2019/mcformer_hard-ce/seed_2026,/home/citybuster/Data/RCPS/work_dirs/smoke_next_stage/metrics/hisar2019_mcformer_hard-ce_seed2026_validation.csv,smoke_pass,small-sample train/export/analyze passed; validation acc 20.00; second backbone candidate pending
155,RadioML2016.10B,PETCGDNN,hard-ce-smoke,2026,04d04ee,1epoch-small,/home/citybuster/Data/RCPS/work_dirs/smoke_next_stage/deepsig201610B/petcgdnn_hard-ce/seed_2026,/home/citybuster/Data/RCPS/work_dirs/smoke_next_stage/metrics/deepsig201610B_petcgdnn_hard-ce_seed2026_validation.csv,smoke_pass,small-sample train/export/analyze passed; validation acc 30.00; full baseline gate pending
156,HisarMod2019.1,PETCGDNN,hard-ce-baseline-gate,2026,0b238ca,20,/home/citybuster/Data/RCPS/work_dirs/baseline_gate_next_stage_hisar_petcgdnn_20ep_cache/amc/hisar2019/petcgdnn_hisar_hard-ce/seed_2026,/home/citybuster/Data/RCPS/work_dirs/baseline_gate_next_stage_hisar_petcgdnn_20ep_cache/metrics,running,cache-compatible loader fix applied; epoch1 entered; no errors; no RCPS before gate passes
157,RadioML2016.10B,PETCGDNN,hard-ce-baseline-gate,2026,0b238ca,20,/home/citybuster/Data/RCPS/work_dirs/baseline_gate_next_stage_10B_petcgdnn_20ep_cache/amc/deepsig201610B/petcgdnn_10b_hard-ce/seed_2026,/home/citybuster/Data/RCPS/work_dirs/baseline_gate_next_stage_10B_petcgdnn_20ep_cache/metrics,running,cache-compatible loader fix applied; epoch1 entered; no errors; no RCPS before gate passes
158,RadioML2016.10B,PETCGDNN,hard-ce-baseline-gate,2026,9bee49e,20,/home/citybuster/Data/RCPS/work_dirs/baseline_gate_next_stage_10B_petcgdnn_20ep_cache/amc/deepsig201610B/petcgdnn_10b_hard-ce/seed_2026,/home/citybuster/Data/RCPS/work_dirs/baseline_gate_next_stage_10B_petcgdnn_20ep_cache/metrics/deepsig201610B_petcgdnn_10b_hard-ce_seed2026_test.csv,completed,test acc 62.2181 nll 0.9419 ece 0.0232 brier 0.4182; validation acc 62.2133; seed2027 started
159,HisarMod2019.1,PETCGDNN,hard-ce-baseline-gate,2026,9bee49e,20,/home/citybuster/Data/RCPS/work_dirs/baseline_gate_next_stage_hisar_petcgdnn_20ep_cache/amc/hisar2019/petcgdnn_hisar_hard-ce/seed_2026,/home/citybuster/Data/RCPS/work_dirs/baseline_gate_next_stage_hisar_petcgdnn_20ep_cache/metrics/hisar2019_petcgdnn_hisar_hard-ce_seed2026_test.csv,completed,test acc 56.7865 nll 1.0575 ece 0.0140 brier 0.4785; validation acc 56.6346; seed2027 started
160,RadioML2016.10B,PETCGDNN,hard-ce-baseline-gate,2027,0d50870,20,/home/citybuster/Data/RCPS/work_dirs/baseline_gate_next_stage_10B_petcgdnn_20ep_cache/amc/deepsig201610B/petcgdnn_10b_hard-ce/seed_2027,/home/citybuster/Data/RCPS/work_dirs/baseline_gate_next_stage_10B_petcgdnn_20ep_cache/metrics/deepsig201610B_petcgdnn_10b_hard-ce_seed2027_test.csv,completed,test acc 62.5683 nll 0.9353 ece 0.0098 brier 0.4138; validation acc 62.5100; seed2028 started
161,HisarMod2019.1,PETCGDNN,hard-ce-baseline-gate,2027,0d50870,20,/home/citybuster/Data/RCPS/work_dirs/baseline_gate_next_stage_hisar_petcgdnn_20ep_cache/amc/hisar2019/petcgdnn_hisar_hard-ce/seed_2027,/home/citybuster/Data/RCPS/work_dirs/baseline_gate_next_stage_hisar_petcgdnn_20ep_cache/metrics/hisar2019_petcgdnn_hisar_hard-ce_seed2027_test.csv,completed,test acc 55.7196 nll 1.0875 ece 0.0081 brier 0.4884; validation acc 55.7673; seed2028 started
162,RadioML2016.10B,PETCGDNN,hard-ce-baseline-gate,2028,0e82e28,20,/home/citybuster/Data/RCPS/work_dirs/baseline_gate_next_stage_10B_petcgdnn_20ep_cache/amc/deepsig201610B/petcgdnn_10b_hard-ce/seed_2028,/home/citybuster/Data/RCPS/work_dirs/baseline_gate_next_stage_10B_petcgdnn_20ep_cache/metrics/deepsig201610B_petcgdnn_10b_hard-ce_seed2028_test.csv,completed,test acc 60.1402 nll 0.9842 ece 0.0125 brier 0.4431; gate pass with moderate seed variance
163,RadioML2016.10B,PETCGDNN,static-ls,2026 2027 2028,0e82e28,20,/home/citybuster/Data/RCPS/work_dirs/paired_next_stage_10B_petcgdnn_20ep/amc/deepsig201610B/petcgdnn_10b_static-ls_ls0p1,/home/citybuster/Data/RCPS/work_dirs/paired_next_stage_10B_petcgdnn_20ep/metrics/calibration,running,paired comparison launched on GPU1 smoothing 0.1 after hard-CE gate pass
164,RadioML2016.10B,PETCGDNN,rcps-hybrid,2026 2027 2028,0e82e28,20,/home/citybuster/Data/RCPS/work_dirs/paired_next_stage_10B_petcgdnn_20ep/amc/deepsig201610B/petcgdnn_10b_rcps-hybrid_eps0p1_g1p0,/home/citybuster/Data/RCPS/work_dirs/paired_next_stage_10B_petcgdnn_20ep/metrics/calibration,running,paired comparison launched on GPU1 epsilon max 0.1 gamma 1.0 after hard-CE gate pass
165,HisarMod2019.1,PETCGDNN,hard-ce-baseline-gate,2028,60e0a67,20,/home/citybuster/Data/RCPS/work_dirs/baseline_gate_next_stage_hisar_petcgdnn_20ep_cache/amc/hisar2019/petcgdnn_hisar_hard-ce/seed_2028,/home/citybuster/Data/RCPS/work_dirs/baseline_gate_next_stage_hisar_petcgdnn_20ep_cache/metrics/hisar2019_petcgdnn_hisar_hard-ce_seed2028_test.csv,completed,test acc 55.3754 nll 1.0965 ece 0.0111 brier 0.4931; gate pass as non-DeepSig extension candidate
166,HisarMod2019.1,PETCGDNN,static-ls,2026 2027 2028,60e0a67,20,/home/citybuster/Data/RCPS/work_dirs/paired_next_stage_hisar_petcgdnn_20ep/amc/hisar2019/petcgdnn_hisar_static-ls_ls0p1,/home/citybuster/Data/RCPS/work_dirs/paired_next_stage_hisar_petcgdnn_20ep/metrics/calibration,running,paired comparison launched on GPU0 smoothing 0.1 after hard-CE gate pass
167,HisarMod2019.1,PETCGDNN,rcps-hybrid,2026 2027 2028,60e0a67,20,/home/citybuster/Data/RCPS/work_dirs/paired_next_stage_hisar_petcgdnn_20ep/amc/hisar2019/petcgdnn_hisar_rcps-hybrid_eps0p1_g1p0,/home/citybuster/Data/RCPS/work_dirs/paired_next_stage_hisar_petcgdnn_20ep/metrics/calibration,running,paired comparison launched on GPU0 epsilon max 0.1 gamma 1.0 after hard-CE gate pass
168,RadioML2016.10B,PETCGDNN,static-ls,2026 2027 2028,31086ed,20,/home/citybuster/Data/RCPS/work_dirs/paired_next_stage_10B_petcgdnn_20ep/amc/deepsig201610B/petcgdnn_10b_static-ls_ls0p1,/home/citybuster/Data/RCPS/work_dirs/paired_next_stage_10B_petcgdnn_20ep/metrics/calibration,completed,test mean acc 62.1478 nll 1.0017 ece 0.0498 brier 0.4244; fixed smoothing diagnostic: NLL/ECE worse than hard CE
169,RadioML2016.10B,PETCGDNN,rcps-hybrid,2026 2027 2028,31086ed,20,/home/citybuster/Data/RCPS/work_dirs/paired_next_stage_10B_petcgdnn_20ep/amc/deepsig201610B/petcgdnn_10b_rcps-hybrid_eps0p1_g1p0,/home/citybuster/Data/RCPS/work_dirs/paired_next_stage_10B_petcgdnn_20ep/metrics/calibration,rejected,test mean acc 44.8975 nll 1.4029 ece 0.0139 brier 0.5771; seed2028 collapsed to 10.0000 acc; target-gate stability diagnostic
170,HisarMod2019.1,PETCGDNN,static-ls,2026 2027 2028,31086ed,20,/home/citybuster/Data/RCPS/work_dirs/paired_next_stage_hisar_petcgdnn_20ep/amc/hisar2019/petcgdnn_hisar_static-ls_ls0p1,/home/citybuster/Data/RCPS/work_dirs/paired_next_stage_hisar_petcgdnn_20ep/metrics/calibration,completed,test mean acc 55.7217 nll 1.1661 ece 0.0526 brier 0.4945; fixed smoothing negative diagnostic
171,HisarMod2019.1,PETCGDNN,rcps-hybrid,2026 2027 2028,31086ed,20,/home/citybuster/Data/RCPS/work_dirs/paired_next_stage_hisar_petcgdnn_20ep/amc/hisar2019/petcgdnn_hisar_rcps-hybrid_eps0p1_g1p0,/home/citybuster/Data/RCPS/work_dirs/paired_next_stage_hisar_petcgdnn_20ep/metrics/calibration,rejected,test mean acc 55.6467 nll 1.1262 ece 0.0229 brier 0.4925; safer than static LS but worse than hard CE; target-gate diagnostic
172,RadioML2016.10B,PETCGDNN,rcps-critical-posterior,2028,d8c8205,20,/home/citybuster/Data/RCPS/work_dirs/pilot_critical_posterior_10B_20ep/amc/deepsig201610B/petcgdnn_10b_rcps-critical-posterior_eps0p0_g1p0/seed_2028,/home/citybuster/Data/RCPS/work_dirs/pilot_critical_posterior_10B_20ep/metrics/calibration/deepsig201610B_petcgdnn_10b_rcps-critical-posterior_eps0p0_g1p0_seed2028_test.csv,rejected,test acc 10.0000 nll 2.3026 ece 0.0028 brier 0.9000; collapse diagnostic; do not expand
173,HisarMod2019.1,PETCGDNN,rcps-critical-posterior,2028,d8c8205,20,/home/citybuster/Data/RCPS/work_dirs/pilot_critical_posterior_hisar_20ep/amc/hisar2019/petcgdnn_hisar_rcps-critical-posterior_eps0p0_g1p0/seed_2028,/home/citybuster/Data/RCPS/work_dirs/pilot_critical_posterior_hisar_20ep/metrics/calibration/hisar2019_petcgdnn_hisar_rcps-critical-posterior_eps0p0_g1p0_seed2028_test.csv,passed-pilot,test acc 56.5262 nll 1.0671 ece 0.0069 brier 0.4810; paired vs hard acc +1.1508pp nll -0.0294 brier -0.0121; expand seeds 2026/2027
174,HisarMod2019.1,PETCGDNN,rcps-critical-posterior,2026 2027,1d07088,20,/home/citybuster/Data/RCPS/work_dirs/pilot_critical_posterior_hisar_20ep/amc/hisar2019/petcgdnn_hisar_rcps-critical-posterior_eps0p0_g1p0,/home/citybuster/Data/RCPS/work_dirs/pilot_critical_posterior_hisar_20ep/metrics/calibration,running,expanded after seed2028 passed pilot; GPUs 0/1 parallel; three-seed admission pending
175,HisarMod2019.1,PETCGDNN,rcps-critical-posterior,2026 2027 2028,6d47833,20,/home/citybuster/Data/RCPS/work_dirs/pilot_critical_posterior_hisar_20ep/amc/hisar2019/petcgdnn_hisar_rcps-critical-posterior_eps0p0_g1p0,/home/citybuster/Data/RCPS/work_dirs/pilot_critical_posterior_hisar_20ep/metrics/calibration,rejected,test mean acc 56.2609 nll 1.0742 ece 0.0096 brier 0.4832; paired delta acc +0.3004pp nll -0.0063 ece +0.0005 brier -0.0034; not majority-seed improvement; promising diagnostic not main evidence
176,SpeechCommands,Logmel-ResNet,phi-rcps-crossfit,2026 2027,pending,20,/home/citybuster/Data/RCPS/work_dirs/crossmodal_audio_phi_crossfit_20ep_eps005_ret075/audio/speechcommands/logmel-resnet/phi-teacher,/home/citybuster/Data/RCPS/work_dirs/crossmodal_audio_phi_crossfit_20ep_eps005_ret075/metrics,running,cross-fit teacher mapping 2026<-2027 2027<-2028; seed2028 pending GPU; target artifact QA passed
177,SpeechCommands,Logmel-ResNet,phi-rcps-crossfit,2026 2027 2028,5117605,20,/home/citybuster/Data/RCPS/work_dirs/crossmodal_audio_phi_crossfit_20ep_eps005_ret075/audio/speechcommands/logmel-resnet/phi-teacher,/home/citybuster/Data/RCPS/work_dirs/crossmodal_audio_phi_crossfit_20ep_eps005_ret075/summary_phi_crossfit_vs_hard_3seed.csv,admitted,test delta acc +0.2684pp nll -0.0085 ece +0.0017 brier -0.0039; cross-fit teacher validates learned reliability with small ECE tradeoff
178,HisarMod2019.1,MCformer,hard-ce,2026,7214857,1,/home/citybuster/Data/RCPS/work_dirs/smoke_hisar_mcformer_1ep/amc/hisar2019/mcformer_hisar_hard-ce_hard/seed_2026,/home/citybuster/Data/RCPS/work_dirs/smoke_hisar_mcformer_1ep/metrics/calibration,smoke-passed,val acc 33.1029 test acc 33.16; train/export/analyze path valid; long-budget baseline gate pending
179,HisarMod2019.1,MCformer,hard-ce,2026,21b32f8,10,/home/citybuster/Data/RCPS/work_dirs/pilot_hisar_mcformer_hard_10ep/amc/hisar2019/mcformer_hisar_hard-ce_hard/seed_2026,/home/citybuster/Data/RCPS/work_dirs/pilot_hisar_mcformer_hard_10ep/metrics/calibration,rejected,test acc 48.6900 nll 1.3225 ece 0.0069 brier 0.5510; val best 48.6481 at epoch10; weak baseline below Hisar PETCGDNN anchor; no RCPS expansion
180,HisarMod2019.1,MCLDNN,hard-ce,2026,6334e26,1,/home/citybuster/Data/RCPS/work_dirs/smoke_hisar_mcldnn_1ep/amc/hisar2019/mcldnn_hisar_hard-ce/seed_2026,,rejected,config-parity failure before training: cannot reshape 2048-value IQ sample into (1,2,128); requires corrected frame_length=1024 SNR-aware config before baseline gate
181,HisarMod2019.1,MCLDNN,hard-ce,2026,uncommitted,1,/home/citybuster/Data/RCPS/work_dirs/smoke_hisar_mcldnn_corrected_1ep/amc/hisar2019/mcldnn_hisar_hard-ce/seed_2026,/home/citybuster/Data/RCPS/work_dirs/smoke_hisar_mcldnn_corrected_1ep/metrics/hisar2019_mcldnn_hisar_hard-ce_seed2026_test.csv,smoke-passed,corrected frame_length=1024 SNR-aware config; val acc 36.2548 test acc 36.1054; proceed to 10-epoch pilot
182,HisarMod2019.1,MCLDNN,hard-ce,2026,85ff011,10,/home/citybuster/Data/RCPS/work_dirs/pilot_hisar_mcldnn_corrected_10ep/amc/hisar2019/mcldnn_hisar_hard-ce/seed_2026,/home/citybuster/Data/RCPS/work_dirs/pilot_hisar_mcldnn_corrected_10ep/metrics/hisar2019_mcldnn_hisar_hard-ce_seed2026_test.csv,running,corrected frame_length=1024 10-epoch hard-label pilot launched after smoke passed
183,HisarMod2019.1,MCLDNN,hard-ce,2026 2027 2028,8ad9c91,20,/home/citybuster/Data/RCPS/work_dirs/pilot_hisar_mcldnn_corrected_20ep_fresh/amc/hisar2019/mcldnn_hisar_hard-ce,/home/citybuster/Data/RCPS/work_dirs/pilot_hisar_mcldnn_corrected_20ep_fresh/summary/hisar2019_mcldnn_hard_ce_20ep_summary.csv,completed,test mean acc 62.6963 nll 1.0667 ece 0.0330 brier 0.4362; high-SNR mean 87.8009; baseline gate passed with seed variance noted
184,HisarMod2019.1,MCLDNN,rcps-configs,2026 2027 2028,pending,20,configs/rcps/mcldnn/mcldnn_static-ls_iq-snr-hisar2019.py configs/rcps/mcldnn/mcldnn_rcps-hybrid-eps01_iq-snr-hisar2019.py configs/rcps/mcldnn/mcldnn_rcps-critical-posterior_iq-snr-hisar2019.py,/home/citybuster/Data/RCPS/work_dirs/rcps_tables/hisar2019/mcldnn_hardce_3seed_validation_meanprob_t2.npz,prepared,paired configs added and MCLDNN-specific posterior table built from train-free validation predictions; do not claim RCPS until target gate completes
185,HisarMod2019.1,MCLDNN,static-ls_ls0p1,2026,8cf9d68,20,/home/citybuster/Data/RCPS/work_dirs/paired_hisar_mcldnn_20ep/amc/hisar2019/mcldnn_hisar_static-ls_ls0p1/seed_2026,/home/citybuster/Data/RCPS/work_dirs/paired_hisar_mcldnn_20ep/metrics/calibration/hisar2019_mcldnn_hisar_static-ls_ls0p1_seed2026_test.csv,diagnostic-rejected,seed2026 acc/nll/ece/brier 58.9458/1.2280/0.0280/0.4839; improves ECE only but hurts accuracy NLL Brier and high-SNR plateau; stopped remaining seeds
186,HisarMod2019.1,MCLDNN,rcps-hybrid_eps0p1_g2p0,2026,8cf9d68,20,/home/citybuster/Data/RCPS/work_dirs/paired_hisar_mcldnn_20ep/amc/hisar2019/mcldnn_hisar_rcps-hybrid_eps0p1_g2p0/seed_2026,/home/citybuster/Data/RCPS/work_dirs/paired_hisar_mcldnn_20ep/metrics/calibration/hisar2019_mcldnn_hisar_rcps-hybrid_eps0p1_g2p0_seed2026_test.csv,diagnostic-rejected,seed2026 acc/nll/ece/brier 59.8050/1.1839/0.0240/0.4728; high-SNR retention passed but transition NLL/Brier/accuracy degraded; stopped remaining seeds
187,HisarMod2019.1,MCLDNN,rcps-critical-posterior,2026 2027 2028,8cf9d68,20,/home/citybuster/Data/RCPS/work_dirs/paired_hisar_mcldnn_critical_20ep/amc/hisar2019/mcldnn_hisar_rcps-critical-posterior_eps0p0_g1p0,/home/citybuster/Data/RCPS/work_dirs/paired_hisar_mcldnn_critical_20ep/summary_hisar_mcldnn_critical_vs_hard_3seed.csv,conditional-admitted,overall acc +0.8399pp mean; transition-band NLL and Brier improve in 3/3 seeds; high-SNR retention passes 3/3; overall NLL/Brier improve only 1/3 seeds so write as transition-band posterior correction not universal calibration gain
